id,match_name,league_name,country_name,pick_type,selection,confidence,final_home,final_away,prediction_mode,data_source,source,created_at,graded_at,reason
1375,SKN St. Polten W vs Young Boys Bern,International Clubs UEFA Champions League Women,International Clubs,double_chance,Home or Away,74,4,3,prematch,both,enriched_ensemble,2026-08-05 14:38:12,2026-08-05 18:29:41,draw risk is low from model and database
1347,SKN St. Polten W vs Young Boys Bern,International Clubs UEFA Champions League Women,International Clubs,double_chance,Home or Away,74,4,3,prematch,both,enriched_ensemble,2026-08-04 21:42:22,2026-08-05 18:29:41,draw risk is low from model and database
1373,Acso Filiasi vs ACS Oltul Curtisoara,Romania Cup,Romania,double_chance,Home or Away,74,8,10,prematch,both,enriched_ensemble,2026-08-05 14:32:36,2026-08-05 17:29:35,draw risk is low from model and database
1374,Apollon Ladies Limassol vs Czarni Sosnowiec,International Clubs UEFA Champions League Women,International Clubs,double_chance,Away or Draw,67,5,7,prematch,both,enriched_ensemble,2026-08-05 14:32:40,2026-08-05 16:45:58,away avoids defeat profile
1346,Apollon Ladies Limassol vs Czarni Sosnowiec,International Clubs UEFA Champions League Women,International Clubs,double_chance,Away or Draw,66,5,7,prematch,both,enriched_ensemble,2026-08-04 21:38:53,2026-08-05 16:45:58,away avoids defeat profile
1370,Bukhoro Davlat Universiteti vs PFC Shurtan,Uzbekistan Pro Liga,Uzbekistan,double_chance,Away or Draw,68,2,4,prematch,both,enriched_ensemble,2026-08-05 14:24:15,2026-08-05 16:07:58,away avoids defeat profile
1369,Klaipedos Fsm vs FK Suduva Marijampole B,Lithuania II Lyga,Lithuania,double_chance,Home or Away,74,1,0,prematch,both,enriched_ensemble,2026-08-05 14:21:07,2026-08-05 16:07:52,draw risk is low from model and database
1368,Slask II Wroclaw vs ZKS Stal Stalowa Wola,Poland Puchar Polski,Poland,double_chance,Home or Draw,74,3,2,prematch,both,enriched_ensemble,2026-08-05 14:17:47,2026-08-05 16:07:51,home avoids defeat profile
1367,Podbeskidzie Bielsko-Biała vs KS Hutnik Krakow SSA,Poland Puchar Polski,Poland,double_chance,Home or Draw,74,2,0,prematch,both,enriched_ensemble,2026-08-05 14:14:23,2026-08-05 16:07:51,home avoids defeat profile
1366,MKS Znicz Pruszkow vs LKS Lodz II,Poland Puchar Polski,Poland,double_chance,Home or Away,74,3,1,prematch,both,enriched_ensemble,2026-08-05 14:09:15,2026-08-05 16:07:50,draw risk is low from model and database
1363,Costa Do Sol vs Ferroviario de Nacala,Mozambique Mocambola,Mozambique,double_chance,Home or Draw,74,3,0,prematch,both,enriched_ensemble,2026-08-05 14:05:34,2026-08-05 16:07:49,home avoids defeat profile
1361,Lochin vs FC Yaypan Fergana,Uzbekistan Pro Liga,Uzbekistan,double_chance,Home or Draw,74,0,0,prematch,both,enriched_ensemble,2026-08-05 13:59:53,2026-08-05 14:37:48,home avoids defeat profile
1297,Chelsea vs Juventus,International Clubs Club Friendly Games,International Clubs,double_chance,Away or Draw,68,0,1,prematch,both,enriched_ensemble,2026-08-03 11:53:14,2026-08-05 14:37:48,away avoids defeat profile
1296,AC Milan vs Inter,International Clubs Club Friendly Games,International Clubs,double_chance,Away or Draw,68,1,1,prematch,both,enriched_ensemble,2026-08-03 11:46:17,2026-08-05 14:37:47,away avoids defeat profile
1274,Guabira Montero vs CD Real Tomayapo,Bolivia Division Profesional,Bolivia,double_chance,Home or Draw,74,3,0,prematch,both,enriched_ensemble,2026-08-03 10:50:59,2026-08-05 14:37:44,home avoids defeat profile
1269,Columbus Crew vs Atlas FC,International Clubs Leagues Cup,International Clubs,double_chance,Home or Draw,74,3,1,prematch,both,enriched_ensemble,2026-08-03 10:42:39,2026-08-05 14:37:44,home avoids defeat profile
1358,Comunal Cabrero vs Club de Deportes Malleco Unido,Chile Tercera Division,Chile,double_chance,Home or Draw,74,1,1,live,sportybet,sportybet_market_signal,2026-08-04 22:18:47,2026-08-05 14:09:37,home avoids defeat profile
1344,Valerenga Oslo W vs Malmo FF,International Clubs UEFA Champions League Women,International Clubs,double_chance,Away or Draw,67,0,1,prematch,both,enriched_ensemble,2026-08-04 21:32:36,2026-08-05 14:09:36,away avoids defeat profile
1343,FK Austria Wien vs Znk Hajduk Split,International Clubs UEFA Champions League Women,International Clubs,double_chance,Home or Draw,74,3,2,prematch,both,enriched_ensemble,2026-08-04 21:29:36,2026-08-05 14:09:35,home avoids defeat profile
1342,Millonarios FC vs AD Pasto,Colombia Liga DIMAYOR,Colombia,double_chance,Home or Draw,74,2,0,prematch,both,enriched_ensemble,2026-08-04 21:28:11,2026-08-05 14:09:35,home avoids defeat profile
1341,Clube do Remo PA vs Santos FC SP,Brazil Copa do Brasil,Brazil,double_chance,Away or Draw,68,0,1,prematch,both,enriched_ensemble,2026-08-04 21:26:46,2026-08-05 14:09:35,away avoids defeat profile
1338,Deportivo Tachira vs Portuguesa FC,Venezuela Primera Division,Venezuela,double_chance,Home or Draw,74,1,0,prematch,both,enriched_ensemble,2026-08-04 21:19:08,2026-08-05 14:09:34,home avoids defeat profile
1337,EC Juventude RS vs Atletico Mineiro MG,Brazil Copa do Brasil,Brazil,double_chance,Away or Draw,74,0,1,prematch,both,enriched_ensemble,2026-08-04 21:15:25,2026-08-05 14:09:33,away avoids defeat profile
1335,Llaneros FC vs Fortaleza FC,Colombia Liga DIMAYOR,Colombia,double_chance,Home or Draw,74,3,1,prematch,both,enriched_ensemble,2026-08-04 21:08:53,2026-08-05 14:09:32,home avoids defeat profile
1333,Ringkobing IF vs Aarhus Fremad,Denmark DBU Pokalen,Denmark,double_chance,Home or Away,74,0,4,prematch,both,enriched_ensemble,2026-08-04 18:34:21,2026-08-04 21:04:53,draw risk is low from model and database
1332,Bronshoj BK vs HB Koege,Denmark DBU Pokalen,Denmark,live_match_winner,Bronshoj BK live winner,68,1,0,live,both,enriched_ensemble,2026-08-04 18:33:44,2026-08-04 21:04:52,home side leads; prematch model and live pressure are included
1331,Atert Bissen vs F91 Dudelange,Luxembourg Division Nationale,Luxembourg,double_chance,Home or Draw,74,2,0,prematch,both,enriched_ensemble,2026-08-04 18:33:28,2026-08-04 21:04:52,home avoids defeat profile
1330,Atert Bissen vs F91 Dudelange,Luxembourg Division Nationale,Luxembourg,double_chance,Home or Draw,74,2,0,prematch,both,enriched_ensemble,2026-08-04 18:33:23,2026-08-04 21:04:52,home avoids defeat profile
1327,Hapoel Ironi Kiryat Shmona FC vs Bnei Sakhnin FC,"Israel League Cup, Premier",Israel,double_chance,Home or Draw,74,1,0,prematch,both,enriched_ensemble,2026-08-04 16:59:04,2026-08-04 21:04:50,home avoids defeat profile
1325,GVI vs BK Avarta,Denmark DBU Pokalen,Denmark,double_chance,Home or Away,74,0,2,prematch,both,enriched_ensemble,2026-08-04 15:56:57,2026-08-04 21:04:48,draw risk is low from model and database
1322,FC Sydkysten vs Ishoej IF,Denmark DBU Pokalen,Denmark,double_chance,Home or Away,74,3,1,prematch,both,enriched_ensemble,2026-08-04 15:48:11,2026-08-04 21:04:48,draw risk is low from model and database
1317,SK Harichovce vs MFK Kezmarok,Slovakia Slovensky Pohar,Slovakia,double_chance,Home or Away,74,2,1,prematch,both,enriched_ensemble,2026-08-04 14:44:20,2026-08-04 21:04:46,draw risk is low from model and database
1316,FK Povazska Sokol vs Slavia Tu Kosice,Slovakia Slovensky Pohar,Slovakia,double_chance,Home or Away,74,0,6,prematch,both,enriched_ensemble,2026-08-04 14:38:46,2026-08-04 21:04:46,draw risk is low from model and database
1314,FC Kattaqorgon vs FC Pakhtakor Tashkent II,Uzbekistan Pro Liga,Uzbekistan,double_chance,Home or Draw,74,2,0,prematch,both,enriched_ensemble,2026-08-04 14:31:07,2026-08-04 21:04:45,home avoids defeat profile
1311,Shamrock Rovers vs KF Egnatia Rrogozhine,International Clubs UEFA Europa League,International Clubs,double_chance,Home or Draw,74,3,1,prematch,both,enriched_ensemble,2026-08-04 14:20:23,2026-08-04 21:04:45,home avoids defeat profile
1308,Larne FC vs FC Iberia 1999,International Clubs UEFA Europa League,International Clubs,double_chance,Home or Draw,74,0,0,prematch,both,enriched_ensemble,2026-08-04 14:12:41,2026-08-04 21:04:44,home avoids defeat profile
1301,PFC Levski Sofia vs FC Kairat Almaty,International Clubs UEFA Champions League,International Clubs,double_chance,Home or Draw,74,1,0,prematch,both,enriched_ensemble,2026-08-04 13:37:37,2026-08-04 21:04:44,home avoids defeat profile
1299,Breidablik Kopavogur W vs Aktobe,International Clubs UEFA Champions League Women,International Clubs,double_chance,Home or Away,74,1,3,prematch,both,enriched_ensemble,2026-08-04 13:24:35,2026-08-04 21:04:43,draw risk is low from model and database
1334,Thor Akureyri vs Breidablik,Iceland Besta deild,Iceland,double_chance,Home or Away,74,1,0,prematch,both,enriched_ensemble,2026-08-04 18:38:30,2026-08-04 21:04:42,draw risk is low from model and database
1252,Ipswich Town vs Le Havre,International Clubs Club Friendly Games,International Clubs,double_chance,Home or Draw,71,1,0,prematch,both,enriched_ensemble,2026-08-03 09:55:19,2026-08-04 21:04:42,home avoids defeat profile
1248,Thor Akureyri vs Breidablik,Iceland Besta deild,Iceland,double_chance,Home or Away,74,1,0,prematch,both,enriched_ensemble,2026-08-02 22:55:13,2026-08-04 21:04:42,draw risk is low from model and database
1246,FC Una Strassen vs FC Victoria Rosport,Luxembourg Division Nationale,Luxembourg,double_chance,Home or Draw,74,4,0,prematch,both,enriched_ensemble,2026-08-02 22:51:23,2026-08-04 21:04:41,home avoids defeat profile
1238,Club El Porvenir vs Club Atletico Fenix,Argentina Primera C,Argentina,double_chance,Home or Draw,74,0,0,prematch,both,enriched_ensemble,2026-08-02 22:27:18,2026-08-04 21:04:41,home avoids defeat profile
1321,Tampereen Ilves 2 vs Musan Salama,Finland Kakkonen,Finland,double_chance,Home or Draw,74,7,0,prematch,both,enriched_ensemble,2026-08-04 15:27:40,2026-08-04 21:04:40,home avoids defeat profile
1233,Tampereen Ilves 2 vs Musan Salama,Finland Kakkonen,Finland,double_chance,Home or Draw,74,7,0,prematch,both,enriched_ensemble,2026-08-02 22:19:07,2026-08-04 21:04:40,home avoids defeat profile
1320,PFC Montana 1921 vs OFC Nesebar,Bulgaria Vtora Liga,Bulgaria,double_chance,Home or Away,74,3,1,prematch,both,enriched_ensemble,2026-08-04 15:16:24,2026-08-04 21:04:39,draw risk is low from model and database
1227,PFC Montana 1921 vs OFC Nesebar,Bulgaria Vtora Liga,Bulgaria,double_chance,Home or Away,74,3,1,prematch,both,enriched_ensemble,2026-08-02 21:56:17,2026-08-04 21:04:39,draw risk is low from model and database
1315,Stinta Poli Timisoara vs AFC Chindia Targoviste,Romania Liga 2,Romania,double_chance,Home or Draw,74,1,0,prematch,both,enriched_ensemble,2026-08-04 14:34:32,2026-08-04 21:04:36,home avoids defeat profile
1212,Stinta Poli Timisoara vs AFC Chindia Targoviste,Romania Liga 2,Romania,double_chance,Home or Draw,74,1,0,prematch,both,enriched_ensemble,2026-08-02 21:25:45,2026-08-04 21:04:36,home avoids defeat profile
1307,Union Gilloise vs Bodoe/Glimt,International Clubs UEFA Champions League,International Clubs,double_chance,Home or Draw,74,3,3,prematch,both,enriched_ensemble,2026-08-04 14:07:28,2026-08-04 21:04:33,home avoids defeat profile
1303,Olympiacos vs NEC Nijmegen,International Clubs UEFA Champions League,International Clubs,double_chance,Home or Draw,74,0,0,prematch,both,enriched_ensemble,2026-08-04 13:47:53,2026-08-04 21:04:28,home avoids defeat profile
802,Mjallby AIF vs Slovan Bratislava,International Clubs UEFA Champions League,International Clubs,double_chance,Home or Away,74,1,2,prematch,both,enriched_ensemble,2026-07-31 11:48:43,2026-08-04 18:28:48,draw risk is low from model and database
1324,Respublika Football Academy vs FK Gazalkent,Uzbekistan Pro Liga,Uzbekistan,double_chance,Away or Draw,68,0,7,live,sportybet,sportybet_market_signal,2026-08-04 15:56:28,2026-08-04 16:32:52,away avoids defeat profile
1323,Mohun Bagan Super Giant vs South United FC,India Durand Cup,India,double_chance,Home or Draw,74,8,0,live,both,enriched_ensemble,2026-08-04 15:53:55,2026-08-04 16:32:43,home avoids defeat profile
1304,Gor Mahia FC vs AL Hilal (SDN),International Clubs CECAFA Kagame Cup,International Clubs,double_chance,Away or Draw,69,1,1,live,both,enriched_ensemble,2026-08-04 13:50:45,2026-08-04 16:32:37,away avoids defeat profile
1306,Persebaya Surabaya vs Arema FC,Indonesia Piala Presiden,Indonesia,double_chance,Home or Draw,74,1,0,live,both,enriched_ensemble,2026-08-04 13:59:33,2026-08-04 15:41:41,home avoids defeat profile
1197,Philippines vs Thailand,International ASEAN Championship,International,double_chance,Home or Away,74,0,1,prematch,both,enriched_ensemble,2026-08-02 20:57:32,2026-08-04 15:41:33,draw risk is low from model and database
1302,Fardu Ferghana vs PFC Terdu,Uzbekistan Pro Liga,Uzbekistan,double_chance,Home or Draw,74,5,1,live,both,enriched_ensemble,2026-08-04 13:40:21,2026-08-04 15:06:39,home avoids defeat profile
1298,FK Veles Moscow vs SK Rotor Volgograd,Russia 1. Liga,Russia,double_chance,Home or Draw,74,2,1,prematch,both,enriched_ensemble,2026-08-03 11:54:05,2026-08-04 14:52:44,home avoids defeat profile
1295,Oppsal IF vs Sarpsborg 08 2,"Norway 3. Division, Group 6",Norway,double_chance,Home or Draw,74,2,2,prematch,both,enriched_ensemble,2026-08-03 11:44:45,2026-08-04 14:52:40,home avoids defeat profile
1290,Kerry FC vs Cobh Ramblers,Ireland First Division,Ireland,double_chance,Home or Draw,82,3,0,prematch,both,enriched_ensemble,2026-08-03 11:24:09,2026-08-04 14:52:30,home avoids defeat profile; reduced for side-signal conflict
1287,Cork City FC vs Athlone Town AFC,Ireland First Division,Ireland,double_chance,Home or Draw,74,3,2,prematch,both,enriched_ensemble,2026-08-03 11:20:51,2026-08-04 14:52:22,home avoids defeat profile
1286,Odense Boldklub vs SonderjyskE,Denmark Superliga,Denmark,double_chance,Home or Away,74,1,0,prematch,both,enriched_ensemble,2026-08-03 11:18:52,2026-08-04 14:52:20,draw risk is low from model and database
1285,FK Vojvodina Novi Sad vs FK Macva Sabac,Serbia Superliga,Serbia,double_chance,Home or Draw,74,2,0,prematch,both,enriched_ensemble,2026-08-03 11:18:37,2026-08-04 14:52:17,home avoids defeat profile
1284,Halmstads BK vs IK Sirius,Sweden Allsvenskan,Sweden,double_chance,Away or Draw,68,0,2,prematch,both,enriched_ensemble,2026-08-03 11:16:54,2026-08-04 14:52:07,away avoids defeat profile
1283,Vasalunds IF vs Sollentuna FK,Sweden Ettan,Sweden,double_chance,Home or Draw,74,1,1,prematch,both,enriched_ensemble,2026-08-03 11:16:34,2026-08-04 14:51:53,home avoids defeat profile
1282,Brodd vs Stabaek Fotball 2,"Norway 3. Division, Group 4",Norway,double_chance,Home or Draw,74,2,2,prematch,both,enriched_ensemble,2026-08-03 11:15:03,2026-08-04 14:51:50,home avoids defeat profile
1281,Strindheim TF vs Aalesund 2,"Norway 3. Division, Group 2",Norway,double_chance,Home or Away,74,2,0,prematch,both,enriched_ensemble,2026-08-03 11:12:04,2026-08-04 14:51:49,draw risk is low from model and database
1280,Prime Bangkok FC vs Terengganu FC,International Clubs Club Friendly Games,International Clubs,double_chance,Home or Away,73,1,2,live,both,enriched_ensemble,2026-08-03 11:11:41,2026-08-04 14:51:46,draw risk is low from model and database
1278,Nardo FK vs Molde FK 2,"Norway 3. Division, Group 2",Norway,double_chance,Home or Away,74,3,0,prematch,both,enriched_ensemble,2026-08-03 11:06:53,2026-08-04 14:51:45,draw risk is low from model and database
1275,VPS Akatemia vs FF Jaro Akademia,Finland Kakkonen,Finland,double_chance,Home or Away,74,5,0,prematch,both,enriched_ensemble,2026-08-03 10:56:14,2026-08-04 14:51:38,draw risk is low from model and database
1273,FC Universitatea Cluj vs FC Botosani,Romania Superliga,Romania,double_chance,Home or Draw,74,2,1,prematch,both,enriched_ensemble,2026-08-03 10:50:21,2026-08-04 14:51:36,home avoids defeat profile
1271,FK Transinvest B vs FK Babrungas Plunge,Lithuania 1 Lyga,Lithuania,double_chance,Home or Away,74,0,1,prematch,both,enriched_ensemble,2026-08-03 10:46:01,2026-08-04 14:51:32,draw risk is low from model and database
1270,TP Ho Chi Minh I Women vs Ha Noi I Women,"Vietnam National League, Women",Vietnam,double_chance,Home or Draw,82,3,0,live,both,enriched_ensemble,2026-08-03 10:44:04,2026-08-04 14:51:30,home avoids defeat profile
1268,IF Vestri vs Grotta,Iceland 1. deild,Iceland,double_chance,Home or Away,74,0,3,prematch,both,enriched_ensemble,2026-08-03 10:36:31,2026-08-04 14:51:28,draw risk is low from model and database
1267,Atlet Kyiv vs FC Rebel Kyiv,Ukraine Druga Liga,Ukraine,double_chance,Away or Draw,68,2,3,live,both,enriched_ensemble,2026-08-03 10:36:09,2026-08-04 14:51:26,away avoids defeat profile
1264,FK Ufa vs FC Kamaz Naberezhnye Chelny,Russia 1. Liga,Russia,double_chance,Away or Draw,68,1,1,prematch,both,enriched_ensemble,2026-08-03 10:31:15,2026-08-04 14:51:22,away avoids defeat profile
1263,Zwekapin United vs Thitsar Arman FC,"Myanmar MFF League, Women",Myanmar,double_chance,Home or Away,74,2,9,live,both,enriched_ensemble,2026-08-03 10:26:16,2026-08-04 14:51:21,draw risk is low from model and database
1262,Langsning FC vs Mumbay FC,India Durand Cup,India,double_chance,Home or Away,74,5,0,prematch,both,enriched_ensemble,2026-08-03 10:25:49,2026-08-04 14:51:12,draw risk is low from model and database
1261,FA Siauliai vs FK Banga Gargzdai,Lithuania TOPLYGA,Lithuania,double_chance,Away or Draw,68,1,3,prematch,both,enriched_ensemble,2026-08-03 10:24:11,2026-08-04 14:51:10,away avoids defeat profile
1258,Flinders United Wfc vs FFSA NTC,"Australia South Australia NPL, Women",Australia,double_chance,Home or Away,74,0,3,prematch,both,enriched_ensemble,2026-08-03 10:21:18,2026-08-04 14:51:08,draw risk is low from model and database
1256,Zalaegerszeg TE vs Paksi FC,Hungary NB I,Hungary,double_chance,Home or Draw,74,5,2,prematch,both,enriched_ensemble,2026-08-03 10:18:42,2026-08-04 14:51:05,home avoids defeat profile
1255,PFK Dinamo Samarqand vs FK Neftchi Fargona,Uzbekistan Superliga,Uzbekistan,double_chance,Away or Draw,68,0,0,prematch,both,enriched_ensemble,2026-08-03 10:18:40,2026-08-04 14:51:04,away avoids defeat profile
1254,Trau FC vs FC Raengdai,India Durand Cup,India,double_chance,Home or Away,74,3,4,prematch,both,enriched_ensemble,2026-08-03 10:16:09,2026-08-04 14:51:01,draw risk is low from model and database
1253,Drukpa FC vs Paro FC,Bhutan Premier League,Bhutan,double_chance,Home or Away,74,1,3,prematch,both,enriched_ensemble,2026-08-03 10:11:31,2026-08-04 14:50:58,draw risk is low from model and database
1250,CD Inca vs CD FAS Santa Ana,El Salvador Primera Division,El Salvador,double_chance,Away or Draw,68,0,4,prematch,both,enriched_ensemble,2026-08-03 09:53:00,2026-08-04 14:50:50,away avoids defeat profile
1249,CD Inca vs CD FAS Santa Ana,El Salvador Primera Division,El Salvador,double_chance,Away or Draw,68,0,4,prematch,both,enriched_ensemble,2026-08-03 09:53:00,2026-08-04 14:50:50,away avoids defeat profile
1247,CD Inca vs CD FAS Santa Ana,El Salvador Primera Division,El Salvador,double_chance,Away or Draw,68,0,4,prematch,both,enriched_ensemble,2026-08-02 22:54:07,2026-08-04 14:50:50,away avoids defeat profile
1245,Veraguas United FC vs CD Universitario Penonome,Panama Liga Panamena,Panama,double_chance,Home or Draw,71,2,1,prematch,both,enriched_ensemble,2026-08-02 22:50:04,2026-08-04 14:50:47,home avoids defeat profile
1244,America de Cali vs Boyaca Chico FC,Colombia Liga DIMAYOR,Colombia,double_chance,Home or Draw,74,7,0,prematch,both,enriched_ensemble,2026-08-02 22:48:33,2026-08-04 14:50:45,home avoids defeat profile
1242,Costa Rica vs El Salvador,"International Central American and Caribbean Games, Women",International,double_chance,Home or Away,74,0,1,prematch,both,enriched_ensemble,2026-08-02 22:41:47,2026-08-04 14:50:40,draw risk is low from model and database
1260,HB Torshavn vs NSI Runavik,Faroe Islands Premier League,Faroe Islands,double_chance,Home or Away,74,3,1,prematch,both,enriched_ensemble,2026-08-03 10:23:34,2026-08-04 14:50:36,draw risk is low from model and database
1241,HB Torshavn vs NSI Runavik,Faroe Islands Premier League,Faroe Islands,double_chance,Home or Away,74,3,1,prematch,both,enriched_ensemble,2026-08-02 22:40:54,2026-08-04 14:50:36,draw risk is low from model and database
1259,FC Alashkert Yerevan vs Ararat Yerevan FC,Armenia Premier League,Armenia,double_chance,Home or Draw,74,3,0,prematch,both,enriched_ensemble,2026-08-03 10:22:58,2026-08-04 14:50:33,home avoids defeat profile
1240,FC Alashkert Yerevan vs Ararat Yerevan FC,Armenia Premier League,Armenia,double_chance,Home or Draw,74,3,0,prematch,both,enriched_ensemble,2026-08-02 22:36:13,2026-08-04 14:50:33,home avoids defeat profile
1237,FSC Bukovyna Chernivtsi vs LNZ Cherkasy,Ukraine Premier League,Ukraine,double_chance,Home or Draw,74,0,0,prematch,both,enriched_ensemble,2026-08-02 22:26:13,2026-08-04 14:50:26,home avoids defeat profile
1266,Melbourne Victory vs FC Melbourne Srbija,Australia Victoria Premier League 1,Australia,double_chance,Home or Away,74,1,0,prematch,both,enriched_ensemble,2026-08-03 10:32:37,2026-08-04 14:50:21,draw risk is low from model and database
1234,Melbourne Victory vs FC Melbourne Srbija,Australia Victoria Premier League 1,Australia,double_chance,Home or Away,74,1,0,prematch,both,enriched_ensemble,2026-08-02 22:21:13,2026-08-04 14:50:21,draw risk is low from model and database
1232,San Jose Earthquakes II vs Austin FC II,USA MLS Next Pro,USA,double_chance,Home or Away,74,4,5,prematch,both,enriched_ensemble,2026-08-02 22:17:14,2026-08-04 14:50:17,draw risk is low from model and database
1231,America de Cali Sa vs Llaneros FC,Colombia Liga Femenina,Colombia,double_chance,Home or Draw,74,4,1,prematch,both,enriched_ensemble,2026-08-02 22:12:47,2026-08-04 14:50:14,home avoids defeat profile
1230,Deportivo Toluca FC vs Club Necaxa,Mexico Liga MX,Mexico,double_chance,Home or Draw,74,3,1,prematch,both,enriched_ensemble,2026-08-02 22:08:19,2026-08-04 14:50:11,home avoids defeat profile
1229,Denver Summit FC vs Boston Legacy FC,USA National Womens Soccer League,USA,double_chance,Home or Draw,74,1,1,prematch,both,enriched_ensemble,2026-08-02 22:05:39,2026-08-04 14:50:08,home avoids defeat profile
1226,Leones Futbol Club vs Barcelona SC,Ecuador LigaPro Primera A,Ecuador,double_chance,Away or Draw,68,1,1,prematch,both,enriched_ensemble,2026-08-02 21:54:50,2026-08-04 14:50:03,away avoids defeat profile
1224,CD Guadalajara vs Queretaro FC,"Mexico Liga MX, Women",Mexico,double_chance,Home or Draw,70,3,1,prematch,both,enriched_ensemble,2026-08-02 21:49:15,2026-08-04 14:50:01,home avoids defeat profile
1223,Utah Royals FC vs Portland Thorns FC,USA National Womens Soccer League,USA,double_chance,Home or Draw,74,5,1,prematch,both,enriched_ensemble,2026-08-02 21:46:10,2026-08-04 14:50:00,home avoids defeat profile
1222,Atletico San Luis vs Deportivo Toluca FC,"Mexico Liga MX, Women",Mexico,double_chance,Away or Draw,68,1,4,prematch,both,enriched_ensemble,2026-08-02 21:44:52,2026-08-04 14:49:57,away avoids defeat profile
1220,Saint Louis City SC 2 vs Real Monarchs SLC,USA MLS Next Pro,USA,double_chance,Home or Away,74,3,0,prematch,both,enriched_ensemble,2026-08-02 21:40:18,2026-08-04 14:49:54,draw risk is low from model and database
1219,CF America vs Club Santos Laguna,Mexico Liga MX,Mexico,double_chance,Home or Draw,74,3,0,prematch,both,enriched_ensemble,2026-08-02 21:36:38,2026-08-04 14:49:51,home avoids defeat profile
1218,SC Internacional RS vs SC Corinthians SP,Brazil Copa do Brasil,Brazil,double_chance,Home or Draw,74,2,0,prematch,both,enriched_ensemble,2026-08-02 21:36:09,2026-08-04 14:49:50,home avoids defeat profile
1214,Deportivo Saprissa San Jose vs AD San Carlos,Costa Rica Primera Division,Costa Rica,double_chance,Home or Draw,74,2,1,prematch,both,enriched_ensemble,2026-08-02 21:28:54,2026-08-04 14:49:41,home avoids defeat profile
1211,Internacional de Palmira vs Bogota FC,Colombia Torneo DIMAYOR,Colombia,double_chance,Home or Draw,74,0,0,prematch,both,enriched_ensemble,2026-08-02 21:24:48,2026-08-04 14:49:38,home avoids defeat profile
1210,CD Estudiantil Cni vs Deportivo Binacional FC,Peru Liga 2,Peru,double_chance,Home or Draw,82,9,0,live,both,enriched_ensemble,2026-08-02 21:20:36,2026-08-04 14:49:36,home avoids defeat profile
1208,Barranquilla FC vs Atletico FC Cali,Colombia Torneo DIMAYOR,Colombia,double_chance,Home or Draw,74,2,2,prematch,both,enriched_ensemble,2026-08-02 21:19:11,2026-08-04 14:49:34,home avoids defeat profile
1206,Rio Verde vs Gremio Anapolis GO,"Brazil Goiano, 2. Divisao",Brazil,double_chance,Home or Draw,74,4,1,live,both,enriched_ensemble,2026-08-02 21:11:26,2026-08-04 14:49:29,home avoids defeat profile
1205,Club Nacional de Football vs CA Progreso,Uruguay Primera Division,Uruguay,double_chance,Home or Draw,74,2,1,prematch,both,enriched_ensemble,2026-08-02 21:11:18,2026-08-04 14:49:28,home avoids defeat profile
1202,Juticalpa FC vs FC Motagua Tegucigalpa,Honduras Liga Nacional,Honduras,double_chance,Home or Away,74,0,3,prematch,both,enriched_ensemble,2026-08-02 21:06:55,2026-08-04 14:49:24,draw risk is low from model and database
1201,Universidad de Chile vs Huachipato,Chile Primera Division,Chile,double_chance,Home or Draw,74,2,0,prematch,both,enriched_ensemble,2026-08-02 21:05:42,2026-08-04 14:49:22,home avoids defeat profile
1200,Chapecoense SC vs Cruzeiro EC MG,Brazil Copa do Brasil,Brazil,double_chance,Away or Draw,68,0,0,prematch,both,enriched_ensemble,2026-08-02 21:00:42,2026-08-04 14:49:19,away avoids defeat profile
1199,Chapecoense SC vs Cruzeiro EC MG,Brazil Copa do Brasil,Brazil,double_chance,Away or Draw,68,0,0,prematch,both,enriched_ensemble,2026-08-02 21:00:42,2026-08-04 14:49:19,away avoids defeat profile
1198,Always Ready vs Club Bolivar,Bolivia Division Profesional,Bolivia,double_chance,Home or Away,74,1,0,prematch,both,enriched_ensemble,2026-08-02 20:57:45,2026-08-04 14:49:18,draw risk is low from model and database
1196,Ferroviaria SP vs EC Bahia BA,"Brazil Brasileiro A1, Women",Brazil,double_chance,Home or Away,74,1,0,prematch,both,enriched_ensemble,2026-08-02 20:56:50,2026-08-04 14:49:16,draw risk is low from model and database
1195,Myanmar vs Laos,International ASEAN Championship,International,double_chance,Home or Draw,74,7,2,prematch,both,enriched_ensemble,2026-08-02 20:53:16,2026-08-04 14:49:14,home avoids defeat profile
1194,Estrela Do Norte FC ES vs SC Brasil Capixaba ES,"Brazil Capixaba, Serie B",Brazil,double_chance,Home or Draw,74,2,0,live,both,enriched_ensemble,2026-08-02 20:53:15,2026-08-04 14:49:12,home avoids defeat profile
1193,Atletico Balboa vs AD Isidro Metapan,El Salvador Primera Division,El Salvador,double_chance,Home or Draw,74,0,0,prematch,both,enriched_ensemble,2026-08-02 20:52:01,2026-08-04 14:49:10,home avoids defeat profile
1192,Deportivo Lara vs Yaracuyanos FC,Venezuela Segunda Division,Venezuela,double_chance,Home or Draw,74,2,2,prematch,both,enriched_ensemble,2026-08-02 20:51:59,2026-08-04 14:49:08,home avoids defeat profile
1191,CSD Xelaju MC vs Aurora FC,Guatemala Liga Nacional,Guatemala,double_chance,Home or Draw,74,3,1,prematch,both,enriched_ensemble,2026-08-02 20:49:30,2026-08-04 14:49:06,home avoids defeat profile
1190,Morrinhos GO vs Mineiros GO,"Brazil Goiano, 2. Divisao",Brazil,double_chance,Home or Away,74,2,0,live,both,enriched_ensemble,2026-08-02 20:49:09,2026-08-04 14:49:01,draw risk is low from model and database
1189,Cocle FC vs San Francisco FC,Panama Liga Panamena,Panama,double_chance,Home or Draw,74,2,1,prematch,both,enriched_ensemble,2026-08-02 20:46:48,2026-08-04 14:49:00,home avoids defeat profile
1188,Real Soacha Cundinamarca vs Real Cartagena FC,Colombia Torneo DIMAYOR,Colombia,double_chance,Home or Draw,74,1,1,prematch,both,enriched_ensemble,2026-08-02 20:41:30,2026-08-04 14:48:57,home avoids defeat profile
1187,Jaguares de Cordoba vs Atletico Nacional,Colombia Liga DIMAYOR,Colombia,double_chance,Away or Draw,68,0,3,prematch,both,enriched_ensemble,2026-08-02 20:41:24,2026-08-04 14:48:55,away avoids defeat profile
1186,Villa Nova AC MG vs SC Aymores MG,"Brazil Mineiro, Modulo II",Brazil,double_chance,Home or Draw,74,1,0,live,both,enriched_ensemble,2026-08-02 20:40:16,2026-08-04 14:48:51,home avoids defeat profile
1185,Red Bull New York II vs New England Revolution II,USA MLS Next Pro,USA,double_chance,Home or Away,74,1,4,prematch,both,enriched_ensemble,2026-08-02 20:37:18,2026-08-04 14:48:47,draw risk is low from model and database
1184,Red Bull New York II vs New England Revolution II,USA MLS Next Pro,USA,double_chance,Home or Away,74,1,4,prematch,both,enriched_ensemble,2026-08-02 20:37:18,2026-08-04 14:48:47,draw risk is low from model and database
1183,CA Juventus SP vs EC Primavera SP,Brazil Copa Paulista,Brazil,double_chance,Away or Draw,68,0,1,live,both,enriched_ensemble,2026-08-02 20:35:56,2026-08-04 14:48:40,away avoids defeat profile
1182,Mirassol FC SP vs Gremio FB Porto Alegrense RS,Brazil Copa do Brasil,Brazil,double_chance,Home or Draw,74,1,1,prematch,both,enriched_ensemble,2026-08-02 20:33:24,2026-08-04 14:48:39,home avoids defeat profile
1181,Zamora FC vs Rayo Zuliano,Venezuela Primera Division,Venezuela,double_chance,Home or Draw,74,2,1,prematch,both,enriched_ensemble,2026-08-02 20:28:07,2026-08-04 14:48:37,home avoids defeat profile
1179,CSD Macara vs Guayaquil City FC,Ecuador LigaPro Primera A,Ecuador,double_chance,Home or Draw,74,2,1,prematch,both,enriched_ensemble,2026-08-02 20:24:21,2026-08-04 14:48:36,home avoids defeat profile
1178,Ucv Moquegua vs FBC Melgar,Peru Liga 1,Peru,double_chance,Away or Draw,63,0,0,prematch,both,enriched_ensemble,2026-08-02 20:19:35,2026-08-04 14:48:34,away avoids defeat profile
1176,Club Alianza Lima vs Defensores Del Ilucan,Peru Liga Femenina,Peru,double_chance,Home or Draw,74,10,0,prematch,both,enriched_ensemble,2026-08-02 20:10:47,2026-08-04 14:48:32,home avoids defeat profile
1177,Asociacion Deportivo Pasto vs Internacional de Bogota,Colombia Liga Femenina,Colombia,double_chance,Away or Draw,68,0,0,live,both,enriched_ensemble,2026-08-02 20:13:32,2026-08-04 14:48:29,away avoids defeat profile
1175,Asociacion Deportivo Pasto vs Internacional de Bogota,Colombia Liga Femenina,Colombia,double_chance,Away or Draw,68,0,0,prematch,both,enriched_ensemble,2026-08-02 20:09:56,2026-08-04 14:48:29,away avoids defeat profile
1172,Puerto Rico vs Colombia,"International Central American and Caribbean Games, Women",International,double_chance,Home or Away,74,0,3,prematch,both,enriched_ensemble,2026-08-02 20:04:43,2026-08-04 14:48:25,draw risk is low from model and database
1167,Central Espanol FC vs Liverpool Montevideo,Uruguay Primera Division,Uruguay,double_chance,Home or Draw,74,0,0,live,both,enriched_ensemble,2026-08-02 19:51:14,2026-08-04 14:48:20,home avoids defeat profile; reduced for side-signal conflict
1166,Chicago Fire FC II vs FC Cincinnati 2,USA MLS Next Pro,USA,double_chance,Home or Away,74,7,2,prematch,both,enriched_ensemble,2026-08-02 19:45:47,2026-08-04 14:48:18,draw risk is low from model and database
1165,CSD San Martin vs Deportivo Merlo,Argentina Primera B,Argentina,double_chance,Home or Draw,74,1,1,live,both,enriched_ensemble,2026-08-02 19:44:36,2026-08-04 14:48:16,home avoids defeat profile; reduced for side-signal conflict
1163,CA Villa San Carlos vs CS Dock Sud,Argentina Primera B,Argentina,double_chance,Away or Draw,73,1,1,live,both,enriched_ensemble,2026-08-02 19:37:30,2026-08-04 14:48:11,away avoids defeat profile
1159,Mineros de Guayana vs Dynamo Puerto FC,Venezuela Segunda Division,Venezuela,double_chance,Away or Draw,68,0,0,prematch,both,enriched_ensemble,2026-08-02 19:33:46,2026-08-04 14:48:07,away avoids defeat profile
1158,Germinal vs CA Juventud Unida Universitario San Luis,Argentina Torneo Federal A,Argentina,double_chance,Home or Draw,79,2,1,live,both,enriched_ensemble,2026-08-02 19:31:31,2026-08-04 14:48:05,home avoids defeat profile
1156,Atletico Avila FC vs Deportivo Miranda,Venezuela Segunda Division,Venezuela,double_chance,Away or Draw,68,0,1,prematch,both,enriched_ensemble,2026-08-02 19:28:37,2026-08-04 14:48:02,away avoids defeat profile
1149,Club Olimpia vs Rubio Nu,Paraguay Division de Honor,Paraguay,double_chance,Home or Draw,74,5,0,prematch,both,enriched_ensemble,2026-08-02 19:19:25,2026-08-04 14:47:56,home avoids defeat profile
1146,Deportivo Madryn vs CA All Boys,Argentina Primera Nacional,Argentina,double_chance,Home or Draw,74,2,0,prematch,both,enriched_ensemble,2026-08-02 19:14:29,2026-08-04 14:47:54,home avoids defeat profile
1145,AC San Martin de Mendoza vs Costa Brava de General Pico,Argentina Torneo Federal A,Argentina,double_chance,Home or Draw,74,2,2,prematch,both,enriched_ensemble,2026-08-02 19:14:25,2026-08-04 14:47:52,home avoids defeat profile
1142,Deportes Recoleta vs Puerto Montt,Chile Primera B,Chile,double_chance,Home or Away,74,0,1,prematch,both,enriched_ensemble,2026-08-02 19:07:14,2026-08-04 14:47:46,draw risk is low from model and database
1141,CSD Sol de Mayo vs CD Santamarina Tandil,Argentina Torneo Federal A,Argentina,double_chance,Home or Draw,74,1,0,live,both,enriched_ensemble,2026-08-02 19:07:00,2026-08-04 14:47:45,home avoids defeat profile
1139,CA 9 de Julio Rafaela vs Douglas Haig,Argentina Torneo Federal A,Argentina,double_chance,Home or Draw,74,0,0,prematch,both,enriched_ensemble,2026-08-02 19:03:53,2026-08-04 14:47:41,home avoids defeat profile
1138,Club Olimpo vs Juventud Antoniana,Argentina Torneo Federal A,Argentina,double_chance,Home or Draw,74,0,0,live,both,enriched_ensemble,2026-08-02 19:03:28,2026-08-04 14:47:39,home avoids defeat profile
1136,Deportes La Serena vs CD O'Higgins,Chile Primera Division,Chile,double_chance,Away or Draw,68,1,2,prematch,both,enriched_ensemble,2026-08-02 18:59:44,2026-08-04 14:47:37,away avoids defeat profile
1134,CA Linqueno vs Sportivo Las Parejas,Argentina Torneo Federal A,Argentina,double_chance,Home or Draw,77,2,0,live,both,enriched_ensemble,2026-08-02 18:57:25,2026-08-04 14:47:33,home avoids defeat profile
1131,SE Palmeiras SP vs Fortaleza EC CE,Brazil Copa do Brasil,Brazil,double_chance,Home or Draw,74,3,0,prematch,both,enriched_ensemble,2026-08-02 18:53:43,2026-08-04 14:47:22,home avoids defeat profile
1130,Olimpija Ljubljana vs Aluminij Kidricevo,Slovenia PrvaLiga,Slovenia,double_chance,Home or Draw,74,1,0,live,both,enriched_ensemble,2026-08-02 18:52:32,2026-08-04 14:47:18,home avoids defeat profile
1128,Olimpija Ljubljana vs Aluminij Kidricevo,Slovenia PrvaLiga,Slovenia,double_chance,Home or Draw,74,1,0,prematch,both,enriched_ensemble,2026-08-02 18:49:32,2026-08-04 14:47:18,home avoids defeat profile
1126,Uniao Frederiquense de Futebol RS vs GE Bage RS,"Brazil Gaucho, Serie A2",Brazil,double_chance,Home or Draw,74,3,0,live,both,enriched_ensemble,2026-08-02 18:47:21,2026-08-04 14:47:11,home avoids defeat profile
1125,GKS Katowice vs Radomiak Radom,Poland Ekstraklasa,Poland,double_chance,Home or Draw,74,3,1,prematch,both,enriched_ensemble,2026-08-02 18:43:06,2026-08-04 14:47:08,home avoids defeat profile
1124,Passo Fundo vs APAFUT Caxias Do Sul RS,"Brazil Gaucho, Serie A2",Brazil,double_chance,Home or Draw,74,1,0,live,both,enriched_ensemble,2026-08-02 18:40:48,2026-08-04 14:47:06,home avoids defeat profile
1123,Club Cipolletti vs CA Huracan Las Heras,Argentina Torneo Federal A,Argentina,double_chance,Home or Draw,74,1,0,prematch,both,enriched_ensemble,2026-08-02 18:40:31,2026-08-04 14:47:03,home avoids defeat profile
1122,Asociacion Deportiva Tarma vs Deportivo Garcilaso,Peru Liga 1,Peru,goals,Under 3.5 goals,63,0,1,prematch,both,enriched_ensemble,2026-08-02 18:39:26,2026-08-04 14:47:01,under 3.5 only passes with reduced confidence because goal environment is mixed
1118,Hapoel Jerusalem FC vs Maccabi Petah Tikva FC,"Israel League Cup, Premier",Israel,double_chance,Home or Away,74,1,0,live,both,enriched_ensemble,2026-08-02 18:25:55,2026-08-04 14:46:53,draw risk is low from model and database
1117,Fluminense de Feira FC BA vs Ssa FC BA,"Brazil Baiano, Serie B",Brazil,double_chance,Home or Draw,74,2,0,prematch,both,enriched_ensemble,2026-08-02 18:25:13,2026-08-04 14:46:51,home avoids defeat profile
1115,Khaitan SC vs Al Salibikhaet,Kuwait Division 1,Kuwait,double_chance,Home or Draw,74,1,0,prematch,both,enriched_ensemble,2026-08-02 17:53:48,2026-08-04 14:46:49,home avoids defeat profile
1157,Sandecja Nowy Sacz vs MKS Chojniczanka Chojnice,Poland II Liga,Poland,double_chance,Home or Draw,82,3,0,live,both,enriched_ensemble,2026-08-02 19:30:52,2026-08-04 14:46:48,home avoids defeat profile
1114,Sandecja Nowy Sacz vs MKS Chojniczanka Chojnice,Poland II Liga,Poland,double_chance,Home or Draw,74,3,0,prematch,both,enriched_ensemble,2026-08-02 17:45:06,2026-08-04 14:46:48,home avoids defeat profile
1113,Karcag SE vs Soroksar SC,Hungary NB II,Hungary,double_chance,Away or Draw,68,2,2,live,both,enriched_ensemble,2026-08-02 17:44:27,2026-08-04 14:46:45,away avoids defeat profile
1111,Aqvital FC Csakvar vs FC Nagykanizsai,Hungary NB II,Hungary,double_chance,Home or Away,74,1,2,live,both,enriched_ensemble,2026-08-02 17:42:32,2026-08-04 14:46:38,draw risk is low from model and database
1161,Deportivo Riestra AFBC vs CA Barracas Central,Argentina Primera LPF,Argentina,double_chance,Away or Draw,68,0,1,live,both,enriched_ensemble,2026-08-02 19:34:49,2026-08-04 14:46:35,away avoids defeat profile
1110,Deportivo Riestra AFBC vs CA Barracas Central,Argentina Primera LPF,Argentina,double_chance,Away or Draw,68,0,1,prematch,both,enriched_ensemble,2026-08-02 17:41:40,2026-08-04 14:46:35,away avoids defeat profile
1109,CA Aldosivi vs Gimnasia y Esgrima La Plata,Argentina Primera LPF,Argentina,double_chance,Away or Draw,67,1,2,prematch,both,enriched_ensemble,2026-08-02 17:39:43,2026-08-04 14:46:33,away avoids defeat profile
1108,Ferencvarosi Budapest vs Vasas FC,Hungary NB I,Hungary,double_chance,Home or Draw,82,0,0,live,both,enriched_ensemble,2026-08-02 17:38:25,2026-08-04 14:46:29,home avoids defeat profile
1107,WKS Slask Wroclaw vs Rakow Czestochowa,Poland Ekstraklasa,Poland,double_chance,Home or Away,74,2,1,live,both,enriched_ensemble,2026-08-02 17:35:00,2026-08-04 14:46:28,draw risk is low from model and database
1105,FC Santa Lucia Cotzumalguapa vs Quiche FC,Guatemala Primera Division,Guatemala,double_chance,Home or Draw,74,3,0,prematch,both,enriched_ensemble,2026-08-02 17:34:10,2026-08-04 14:46:26,home avoids defeat profile
1104,Deportivo Fraijanes vs Nueva Santa Rosa Cdf,Guatemala Primera Division,Guatemala,double_chance,Home or Draw,74,3,0,prematch,both,enriched_ensemble,2026-08-02 17:29:10,2026-08-04 14:46:24,home avoids defeat profile
1103,CD Mictlan vs Deportivo Achuapa,Guatemala Primera Division,Guatemala,double_chance,Home or Draw,74,1,0,prematch,both,enriched_ensemble,2026-08-02 17:29:02,2026-08-04 14:46:23,home avoids defeat profile
1102,FK Arsenal Ceska Lipa vs SK Slavia Prague B,Czechia FNL,Czechia,double_chance,Home or Draw,82,1,1,live,both,enriched_ensemble,2026-08-02 17:28:46,2026-08-04 14:46:20,home avoids defeat profile
1094,FK Hebar Pazardzhik vs PFC Vihren Sandanski,Bulgaria Vtora Liga,Bulgaria,double_chance,Home or Away,74,2,3,prematch,both,enriched_ensemble,2026-08-02 17:12:34,2026-08-04 14:46:15,draw risk is low from model and database
1093,Maccabi Netanya FC vs Hapoel Ramat Gan Givatayim FC,"Israel League Cup, Premier",Israel,double_chance,Away or Draw,68,2,3,prematch,both,enriched_ensemble,2026-08-02 17:03:02,2026-08-04 14:46:13,away avoids defeat profile
1092,FC Balti vs Sheriff Tiraspol,Moldova Super Liga,Moldova,double_chance,Home or Away,74,1,5,prematch,both,enriched_ensemble,2026-08-02 16:56:53,2026-08-04 14:46:10,draw risk is low from model and database
1091,KFC Komarno vs Spartak Trnava,Slovakia Superliga,Slovakia,double_chance,Home or Away,74,1,2,prematch,both,enriched_ensemble,2026-08-02 16:37:54,2026-08-04 14:46:09,draw risk is low from model and database
1090,FK Napredak Krusevac vs RFK Graficar Beograd,Serbia Prva Liga,Serbia,double_chance,Home or Draw,70,1,0,prematch,both,enriched_ensemble,2026-08-02 16:36:38,2026-08-04 14:46:08,home avoids defeat profile; reduced for side-signal conflict
1087,Deportes Magallanes vs Union Espanola,Chile Primera B,Chile,double_chance,Home or Draw,74,3,2,prematch,both,enriched_ensemble,2026-08-02 16:29:32,2026-08-04 14:46:05,home avoids defeat profile
1085,FC Asia Talas vs FC Bars Issyk-Kul,Kyrgyzstan Premier League,Kyrgyzstan,double_chance,Away or Draw,68,2,2,live,both,enriched_ensemble,2026-08-02 16:26:38,2026-08-04 14:46:02,away avoids defeat profile
1084,Deportes Concepcion vs CD Universidad Catolica,Chile Primera Division,Chile,double_chance,Home or Away,74,3,0,prematch,both,enriched_ensemble,2026-08-02 16:23:01,2026-08-04 14:45:59,draw risk is low from model and database
1082,Aguara vs Chimbarongo,Chile Tercera Division,Chile,double_chance,Home or Draw,74,1,0,prematch,both,enriched_ensemble,2026-08-02 16:14:44,2026-08-04 14:45:57,home avoids defeat profile
1081,FC Paradiso vs FC Schaffhausen,Switzerland Promotion League,Switzerland,double_chance,Home or Away,74,1,2,live,both,enriched_ensemble,2026-08-02 16:12:00,2026-08-04 14:45:55,draw risk is low from model and database
1078,Ludogorets vs POFC Botev Vratsa,Bulgaria Parva Liga,Bulgaria,double_chance,Home or Draw,74,2,1,prematch,both,enriched_ensemble,2026-08-02 16:05:10,2026-08-04 14:45:49,home avoids defeat profile
1076,Landvetter IS vs Dalstorps IF,Sweden Division 2,Sweden,double_chance,Home or Away,74,1,0,prematch,both,enriched_ensemble,2026-08-02 16:02:17,2026-08-04 14:45:48,draw risk is low from model and database
1075,Livingston Women vs Motherwell LFC Women,"Scotland Premier League Cup, Women",Scotland,double_chance,Home or Away,74,1,7,live,both,enriched_ensemble,2026-08-02 16:00:47,2026-08-04 14:45:47,draw risk is low from model and database
1074,Silkeborg IF vs Copenhagen,Denmark Superliga,Denmark,double_chance,Away or Draw,58,1,3,prematch,both,enriched_ensemble,2026-08-02 16:00:46,2026-08-04 14:45:45,away avoids defeat profile
1071,Wigry Suwalki vs LKS Lodz II,"Poland III Liga, Group 1",Poland,double_chance,Home or Away,74,2,0,prematch,both,enriched_ensemble,2026-08-02 15:56:36,2026-08-04 14:45:42,draw risk is low from model and database
1069,Saint Patrick´s Athletic FC vs Derry City FC,Ireland Premier Division,Ireland,double_chance,Home or Draw,74,1,1,prematch,both,enriched_ensemble,2026-08-02 15:51:17,2026-08-04 14:45:38,home avoids defeat profile
1068,FC Hegelmann Kaunas vs FK Transinvest,Lithuania TOPLYGA,Lithuania,double_chance,Away or Draw,68,1,2,prematch,both,enriched_ensemble,2026-08-02 15:51:04,2026-08-04 14:45:37,away avoids defeat profile
1066,Hibernian FC vs Motherwell FC,Scotland Premiership,Scotland,double_chance,Away or Draw,68,1,2,prematch,both,enriched_ensemble,2026-08-02 15:46:58,2026-08-04 14:45:29,away avoids defeat profile; reduced for side-signal conflict
1065,Bohemians Prague 1905 vs FC Hradec Kralove,Czechia 1. Liga,Czechia,double_chance,Away or Draw,68,0,0,prematch,both,enriched_ensemble,2026-08-02 15:42:46,2026-08-04 14:45:28,away avoids defeat profile
1064,Bohemians Prague 1905 vs FC Hradec Kralove,Czechia 1. Liga,Czechia,double_chance,Away or Draw,68,0,0,prematch,both,enriched_ensemble,2026-08-02 15:42:46,2026-08-04 14:45:28,away avoids defeat profile
1058,Lyn 1896 FK vs Sogndal Fotball,Norway 1st Division,Norway,double_chance,Home or Away,74,3,2,prematch,both,enriched_ensemble,2026-08-02 15:02:32,2026-08-04 14:45:21,draw risk is low from model and database
1057,Hoedd IL vs Moss FK,Norway 1st Division,Norway,double_chance,Home or Away,74,2,1,prematch,both,enriched_ensemble,2026-08-02 15:01:07,2026-08-04 14:45:20,draw risk is low from model and database
1056,KFUM Oslo vs Kristiansund BK,Norway Eliteserien,Norway,double_chance,Home or Draw,74,2,1,prematch,both,enriched_ensemble,2026-08-02 14:58:58,2026-08-04 14:45:17,home avoids defeat profile
1100,Aalesunds FK vs Tromsoe IL,Norway Eliteserien,Norway,double_chance,Away or Draw,74,2,6,live,both,enriched_ensemble,2026-08-02 17:27:12,2026-08-04 14:45:15,away avoids defeat profile
1055,Aalesunds FK vs Tromsoe IL,Norway Eliteserien,Norway,double_chance,Away or Draw,68,2,6,prematch,both,enriched_ensemble,2026-08-02 14:58:06,2026-08-04 14:45:15,away avoids defeat profile
1053,Skedsmo vs Finnsnes IL,"Norway 3. Division, Group 5",Norway,double_chance,Home or Away,74,0,1,live,both,enriched_ensemble,2026-08-02 14:55:43,2026-08-04 14:45:11,draw risk is low from model and database
1052,Skedsmo vs Finnsnes IL,"Norway 3. Division, Group 5",Norway,double_chance,Home or Away,74,0,1,prematch,both,enriched_ensemble,2026-08-02 14:54:53,2026-08-04 14:45:11,draw risk is low from model and database
1049,Grasshopper Club Zurich vs Lugano,Switzerland Super League,Switzerland,double_chance,Away or Draw,60,1,4,prematch,both,enriched_ensemble,2026-08-02 14:48:50,2026-08-04 14:45:08,away avoids defeat profile
1050,FC Sion vs FC Luzern,Switzerland Super League,Switzerland,double_chance,Home or Draw,74,3,0,live,both,enriched_ensemble,2026-08-02 14:49:45,2026-08-04 14:45:05,home avoids defeat profile
1048,FC Sion vs FC Luzern,Switzerland Super League,Switzerland,double_chance,Home or Draw,74,3,0,prematch,both,enriched_ensemble,2026-08-02 14:48:46,2026-08-04 14:45:05,home avoids defeat profile
1174,Gremio Esportivo Brasil vs Sport Club Gaucho Passo Fundo RS,"Brazil Gaucho, Serie A2",Brazil,double_chance,Home or Draw,74,1,1,live,both,enriched_ensemble,2026-08-02 20:08:36,2026-08-04 14:45:03,home avoids defeat profile
1047,Gremio Esportivo Brasil vs Sport Club Gaucho Passo Fundo RS,"Brazil Gaucho, Serie A2",Brazil,double_chance,Home or Draw,74,1,1,prematch,both,enriched_ensemble,2026-08-02 14:48:29,2026-08-04 14:45:03,home avoids defeat profile
1044,Molde vs Sarpsborg 08,Norway Eliteserien,Norway,double_chance,Home or Draw,74,3,3,prematch,both,enriched_ensemble,2026-08-02 14:39:13,2026-08-04 14:45:00,home avoids defeat profile
1037,Gartcairn Women vs Queens Park LFC Women,"Scotland Premier League Cup, Women",Scotland,double_chance,Home or Away,74,3,1,live,both,enriched_ensemble,2026-08-02 14:27:10,2026-08-04 14:44:39,draw risk is low from model and database
1035,FK Viltis Vilnius vs FC Neptunas B,Lithuania II Lyga,Lithuania,double_chance,Home or Away,74,2,1,prematch,both,enriched_ensemble,2026-08-02 14:23:43,2026-08-04 14:44:38,draw risk is low from model and database
1034,Residence Walferdange vs US Hostert,Luxembourg Division Nationale,Luxembourg,double_chance,Home or Draw,74,3,2,prematch,both,enriched_ensemble,2026-08-02 14:22:10,2026-08-04 14:44:37,home avoids defeat profile
1033,Racing Union Luxembourg vs Un Kaerjeng 97,Luxembourg Division Nationale,Luxembourg,double_chance,Home or Draw,74,5,1,prematch,both,enriched_ensemble,2026-08-02 14:17:54,2026-08-04 14:44:36,home avoids defeat profile
1031,IA Akranes vs Vikingur Reykjavik,Iceland Besta deild,Iceland,double_chance,Away or Draw,68,2,2,prematch,both,enriched_ensemble,2026-08-02 14:15:52,2026-08-04 14:44:32,away avoids defeat profile
1030,FC Epitsentr Kamianets-Podilskyi vs FC Obolon Kyiv,Ukraine Premier League,Ukraine,double_chance,Home or Draw,74,3,0,live,both,enriched_ensemble,2026-08-02 14:15:44,2026-08-04 14:44:31,home avoids defeat profile
1028,Ullensaker/Kisa vs Tromsdalen UIL,Norway 2nd Division Group 2,Norway,double_chance,Home or Away,74,1,2,prematch,both,enriched_ensemble,2026-08-02 14:15:09,2026-08-04 14:44:28,draw risk is low from model and database
1027,Viking FK 2 vs FK Mandalskameratene,"Norway 3. Division, Group 4",Norway,double_chance,Home or Away,74,4,0,live,both,enriched_ensemble,2026-08-02 14:12:53,2026-08-04 14:44:26,draw risk is low from model and database
1026,Lilla Torg FF vs Oskarshamns AIK,Sweden Division 2,Sweden,double_chance,Home or Away,74,2,3,prematch,both,enriched_ensemble,2026-08-02 14:12:53,2026-08-04 14:44:25,draw risk is low from model and database
1023,Eidsvold TF vs IK Junkeren,Norway 2nd Division Group 2,Norway,double_chance,Home or Away,74,4,1,prematch,both,enriched_ensemble,2026-08-02 14:11:12,2026-08-04 14:44:23,draw risk is low from model and database
1079,FC Lugano U21 vs FC Bulle,Switzerland Promotion League,Switzerland,double_chance,Away or Draw,68,1,4,live,both,enriched_ensemble,2026-08-02 16:05:23,2026-08-04 14:44:21,away avoids defeat profile
1022,FC Lugano U21 vs FC Bulle,Switzerland Promotion League,Switzerland,double_chance,Away or Draw,68,1,4,prematch,both,enriched_ensemble,2026-08-02 14:08:52,2026-08-04 14:44:21,away avoids defeat profile
1162,Nejmeh SC vs AL Ansar SC,Lebanon Premier League,Lebanon,double_chance,Away or Draw,74,1,2,live,both,enriched_ensemble,2026-08-02 19:35:09,2026-08-04 14:44:19,away avoids defeat profile
1020,Nejmeh SC vs AL Ansar SC,Lebanon Premier League,Lebanon,double_chance,Away or Draw,68,1,2,prematch,both,enriched_ensemble,2026-08-02 14:05:04,2026-08-04 14:44:19,away avoids defeat profile
1009,Canadian vs Club Nacional Montevideo,"Uruguay Primera Division, Women",Uruguay,double_chance,Home or Away,73,0,6,prematch,both,enriched_ensemble,2026-08-02 13:31:28,2026-08-04 14:44:14,draw risk is low from model and database
1008,Liaoning Tieren FC vs Shanghai Shenhua FC,China Chinese Super League,China,double_chance,Home or Away,74,3,1,live,both,enriched_ensemble,2026-08-02 13:29:20,2026-08-04 14:44:12,draw risk is low from model and database
1005,Gresford Athletic vs Newtown AFC,"Wales Cymru Championship, North",Wales,double_chance,Home or Away,73,0,3,prematch,both,enriched_ensemble,2026-08-02 13:27:22,2026-08-04 14:44:08,draw risk is low from model and database
1004,Gresford Athletic vs Newtown AFC,"Wales Cymru Championship, North",Wales,double_chance,Home or Away,73,0,3,prematch,both,enriched_ensemble,2026-08-02 13:27:22,2026-08-04 14:44:08,draw risk is low from model and database
1003,Ujpest FC Budapest vs Debreceni VSC,Hungary NB I,Hungary,double_chance,Home or Draw,74,4,2,prematch,both,enriched_ensemble,2026-08-02 13:22:49,2026-08-04 14:44:06,home avoids defeat profile
994,FC Alania Vladikavkaz vs FC Volgar Astrakhan,"Russia 2. Liga, Division A",Russia,double_chance,Home or Draw,74,1,1,prematch,both,enriched_ensemble,2026-08-02 12:53:05,2026-08-04 14:43:56,home avoids defeat profile
992,Grei Kvinner Elite FK vs IK Start,"Norway 1st Division, Women",Norway,double_chance,Away or Draw,68,1,3,prematch,both,enriched_ensemble,2026-08-02 12:46:48,2026-08-04 14:43:54,away avoids defeat profile
991,Arna-Bjornar vs Klepp IL,"Norway 1st Division, Women",Norway,double_chance,Home or Draw,74,6,0,prematch,both,enriched_ensemble,2026-08-02 12:40:18,2026-08-04 14:43:53,home avoids defeat profile
1116,FC Urartu Yerevan vs FC Pyunik Yerevan,Armenia Premier League,Armenia,double_chance,Home or Draw,74,2,2,live,both,enriched_ensemble,2026-08-02 18:23:48,2026-08-04 14:43:45,home avoids defeat profile
985,FC Urartu Yerevan vs FC Pyunik Yerevan,Armenia Premier League,Armenia,double_chance,Home or Draw,74,2,2,prematch,both,enriched_ensemble,2026-08-02 12:16:25,2026-08-04 14:43:45,home avoids defeat profile
984,FC Urartu Yerevan vs FC Pyunik Yerevan,Armenia Premier League,Armenia,double_chance,Home or Draw,74,2,2,prematch,both,enriched_ensemble,2026-08-02 12:16:25,2026-08-04 14:43:45,home avoids defeat profile
1119,SK Rapid vs SCR Altach,Austria Bundesliga,Austria,double_chance,Home or Draw,74,1,0,live,both,enriched_ensemble,2026-08-02 18:28:36,2026-08-04 14:43:44,home avoids defeat profile
983,SK Rapid vs SCR Altach,Austria Bundesliga,Austria,double_chance,Home or Draw,74,1,0,prematch,both,enriched_ensemble,2026-08-02 12:09:26,2026-08-04 14:43:44,home avoids defeat profile
978,Deportivo Santani vs Encarnacion FC,Paraguay Division Intermedia,Paraguay,double_chance,Home or Draw,74,1,0,prematch,both,enriched_ensemble,2026-08-02 11:58:25,2026-08-04 14:43:40,home avoids defeat profile
976,Widzew Lodz II vs KS Ck Troszyn,"Poland III Liga, Group 1",Poland,live_match_winner,Widzew Lodz II live winner,56,5,1,live,both,enriched_ensemble,2026-08-02 11:57:59,2026-08-04 14:43:37,home side leads; prematch model and live pressure are included
975,Kjelsaas vs Levanger FK,Norway 2nd Division Group 2,Norway,double_chance,Home or Draw,74,4,1,prematch,both,enriched_ensemble,2026-08-02 11:55:39,2026-08-04 14:43:36,home avoids defeat profile
973,Qingdao West Coast FC vs Qingdao Hainiu FC,China Chinese Super League,China,live_total_goals,Over 1.5 live,68,2,0,live,both,enriched_ensemble,2026-08-02 11:39:17,2026-08-04 14:43:34,same live goal window maps to the current over line
972,FK Vidar vs FK Eik Toensberg 871,Norway 2nd Division Group 1,Norway,double_chance,Home or Draw,74,4,3,prematch,both,enriched_ensemble,2026-08-02 11:36:30,2026-08-04 14:43:32,home avoids defeat profile
969,IFK Berga vs IFK Trelleborg,Sweden Division 2,Sweden,double_chance,Home or Away,74,3,1,prematch,both,enriched_ensemble,2026-08-02 11:21:42,2026-08-04 14:43:29,draw risk is low from model and database
968,BK Forward vs Nykopings BIS,Sweden Division 2,Sweden,double_chance,Home or Away,74,1,0,prematch,both,enriched_ensemble,2026-08-02 11:19:26,2026-08-04 14:43:27,draw risk is low from model and database
965,FK Tukums 2000/TSS vs FK Liepaja,Latvia Virsliga,Latvia,double_chance,Away or Draw,68,1,2,prematch,both,enriched_ensemble,2026-08-02 11:11:39,2026-08-04 14:43:24,away avoids defeat profile
964,AFC Eskilstuna vs Umea FC,Sweden Ettan,Sweden,double_chance,Home or Away,74,1,0,prematch,both,enriched_ensemble,2026-08-02 11:06:50,2026-08-04 14:43:23,draw risk is low from model and database
962,United IK Nordic vs Ljungskile SK,Sweden Superettan,Sweden,double_chance,Home or Draw,74,2,2,prematch,both,enriched_ensemble,2026-08-02 11:04:13,2026-08-04 14:43:21,home avoids defeat profile
960,St. Johnstone FC vs Kilmarnock FC,Scotland Premiership,Scotland,double_chance,Home or Draw,74,4,3,prematch,both,enriched_ensemble,2026-08-02 10:58:18,2026-08-04 14:43:19,home avoids defeat profile
957,Legia Warszawa vs Zaglebie Lubin,Poland Ekstraklasa,Poland,double_chance,Home or Draw,74,3,1,prematch,both,enriched_ensemble,2026-08-02 10:48:37,2026-08-04 14:43:16,home avoids defeat profile
956,WSG Tirol vs FC Dornbirn,Austria Amateur Regionalliga West,Austria Amateur,double_chance,Away or Draw,68,1,1,prematch,both,enriched_ensemble,2026-08-02 10:43:55,2026-08-04 14:43:15,away avoids defeat profile
1051,FC Guria Lanchkhuti vs Aragvi Dusheti,Georgia Cup,Georgia,double_chance,Home or Away,74,1,2,live,both,enriched_ensemble,2026-08-02 14:50:06,2026-08-04 14:43:13,draw risk is low from model and database
955,FC Guria Lanchkhuti vs Aragvi Dusheti,Georgia Cup,Georgia,double_chance,Home or Away,74,1,2,prematch,both,enriched_ensemble,2026-08-02 10:42:40,2026-08-04 14:43:13,draw risk is low from model and database
1045,Rekord Bielsko Biala vs Zawisza Bydgoszcz,Poland II Liga,Poland,double_chance,Home or Away,74,3,0,live,both,enriched_ensemble,2026-08-02 14:41:54,2026-08-04 14:43:06,draw risk is low from model and database
951,Rekord Bielsko Biala vs Zawisza Bydgoszcz,Poland II Liga,Poland,double_chance,Home or Away,74,3,0,prematch,both,enriched_ensemble,2026-08-02 10:29:01,2026-08-04 14:43:06,draw risk is low from model and database
950,Rekord Bielsko Biala vs Zawisza Bydgoszcz,Poland II Liga,Poland,double_chance,Home or Away,74,3,0,prematch,both,enriched_ensemble,2026-08-02 10:29:01,2026-08-04 14:43:06,draw risk is low from model and database
947,1. FC Lokomotive Leipzig vs FC Magdeburg II,Germany Amateur Regionalliga Northeast,Germany Amateur,double_chance,Home or Draw,74,3,3,prematch,both,enriched_ensemble,2026-08-02 10:14:48,2026-08-04 14:43:02,home avoids defeat profile
946,1. FC Lokomotive Leipzig vs FC Magdeburg II,Germany Amateur Regionalliga Northeast,Germany Amateur,double_chance,Home or Draw,74,3,3,prematch,both,enriched_ensemble,2026-08-02 10:14:48,2026-08-04 14:43:02,home avoids defeat profile
944,Hallescher FC vs FC Rot-Weiss Erfurt,Germany Amateur Regionalliga Northeast,Germany Amateur,double_chance,Home or Draw,74,1,1,prematch,both,enriched_ensemble,2026-08-02 10:07:53,2026-08-04 14:43:01,home avoids defeat profile
943,TSV Buchholz 08 vs TUS Dassendorf 1948,Germany Amateur Oberliga Hamburg,Germany Amateur,double_chance,Home or Away,74,0,4,prematch,both,enriched_ensemble,2026-08-02 10:04:21,2026-08-04 14:43:00,draw risk is low from model and database
941,Niendorfer TSV 1919 vs Ht 16 Hamburg,Germany Amateur Oberliga Hamburg,Germany Amateur,double_chance,Home or Draw,74,4,1,prematch,both,enriched_ensemble,2026-08-02 09:58:38,2026-08-04 14:42:58,home avoids defeat profile
940,Niendorfer TSV 1919 vs Ht 16 Hamburg,Germany Amateur Oberliga Hamburg,Germany Amateur,double_chance,Home or Draw,74,4,1,prematch,both,enriched_ensemble,2026-08-02 09:58:38,2026-08-04 14:42:58,home avoids defeat profile
939,Gornik Leczna vs AP ORLEN Gdansk,"Poland Ekstraliga, Women",Poland,double_chance,Home or Draw,74,2,0,prematch,both,enriched_ensemble,2026-08-02 09:55:05,2026-08-04 14:42:56,home avoids defeat profile
938,Frigg Oslo FK vs Kolbotn,"Norway 1st Division, Women",Norway,double_chance,Home or Away,74,2,3,prematch,both,enriched_ensemble,2026-08-02 09:52:07,2026-08-04 14:42:54,draw risk is low from model and database
937,Varegg vs Fana IL,"Norway 3. Division, Group 3",Norway,double_chance,Home or Away,74,4,2,prematch,both,enriched_ensemble,2026-08-02 09:44:20,2026-08-04 14:42:52,draw risk is low from model and database
1024,Follo vs Trygg/Lade,Norway 2nd Division Group 2,Norway,double_chance,Home or Away,74,1,2,live,both,enriched_ensemble,2026-08-02 14:11:32,2026-08-04 14:42:50,draw risk is low from model and database
936,Follo vs Trygg/Lade,Norway 2nd Division Group 2,Norway,double_chance,Home or Away,74,1,2,prematch,both,enriched_ensemble,2026-08-02 09:42:43,2026-08-04 14:42:50,draw risk is low from model and database
934,Bollstanas SK vs IK Franke,Sweden Division 2,Sweden,double_chance,Home or Draw,74,1,1,prematch,both,enriched_ensemble,2026-08-02 09:33:45,2026-08-04 14:42:47,home avoids defeat profile
931,Gasovik Vitebsk vs Gorodokskie Lvy,Belarus Vtoraya Liga,Belarus,double_chance,Home or Draw,74,5,0,live,both,enriched_ensemble,2026-08-02 09:27:15,2026-08-04 14:42:44,home avoids defeat profile
929,FC Vaduz vs FC St. Gallen 1879,Switzerland Super League,Switzerland,double_chance,Away or Draw,68,2,3,prematch,both,enriched_ensemble,2026-08-02 09:24:14,2026-08-04 14:42:41,away avoids defeat profile
927,IFK Goteborg vs Degerfors IF,Sweden Allsvenskan,Sweden,double_chance,Home or Draw,74,2,0,prematch,both,enriched_ensemble,2026-08-02 09:14:19,2026-08-04 14:42:39,home avoids defeat profile
925,Nordsjaelland vs Randers FC,Denmark Superliga,Denmark,double_chance,Home or Draw,74,1,0,prematch,both,enriched_ensemble,2026-08-02 09:07:20,2026-08-04 14:42:36,home avoids defeat profile
1042,FC Midtjylland vs AC Horsens,Denmark Superliga,Denmark,double_chance,Home or Draw,74,2,1,live,both,enriched_ensemble,2026-08-02 14:30:56,2026-08-04 14:42:34,home avoids defeat profile
924,FC Midtjylland vs AC Horsens,Denmark Superliga,Denmark,double_chance,Home or Draw,74,2,1,prematch,both,enriched_ensemble,2026-08-02 09:05:36,2026-08-04 14:42:34,home avoids defeat profile
923,Chengdu Rongcheng B vs Xiamen Feilu,China League 2,China,double_chance,Home or Draw,74,5,1,prematch,both,enriched_ensemble,2026-08-02 09:03:59,2026-08-04 14:42:31,home avoids defeat profile
1007,Nantong Haimen Codion vs Taian Tiankuang,China League 2,China,goals,Under 3.5 goals,58,2,1,live,both,enriched_ensemble,2026-08-02 13:29:09,2026-08-04 14:42:30,under 3.5 only passes with reduced confidence because goal environment is mixed
1095,Livingston Wfc vs Motherwell LFC,"Scotland Premier League Cup, Women",Scotland,double_chance,Home or Away,74,1,7,prematch,both,enriched_ensemble,2026-08-02 17:14:18,2026-08-04 14:42:26,draw risk is low from model and database
920,Livingston Wfc vs Motherwell LFC,"Scotland Premier League Cup, Women",Scotland,double_chance,Home or Away,74,1,7,prematch,both,enriched_ensemble,2026-08-02 08:56:23,2026-08-04 14:42:26,draw risk is low from model and database
919,Gamla Upsala SK vs Jitex Molndal BK,"Sweden Amateur Elitettan, Women",Sweden Amateur,double_chance,Away or Draw,68,0,1,prematch,both,enriched_ensemble,2026-08-02 08:54:55,2026-08-04 14:42:24,away avoids defeat profile
918,Dinamo Kirov vs FC Kaluga,"Russia 2. Liga, Division A",Russia,double_chance,Home or Draw,74,1,0,prematch,both,enriched_ensemble,2026-08-02 08:52:08,2026-08-04 14:42:22,home avoids defeat profile
995,Enskede IK vs Taby FK,Sweden Division 2,Sweden,double_chance,Home or Away,74,2,1,live,both,enriched_ensemble,2026-08-02 12:53:57,2026-08-04 14:42:20,draw risk is low from model and database
916,Enskede IK vs Taby FK,Sweden Division 2,Sweden,double_chance,Home or Away,74,2,1,prematch,both,enriched_ensemble,2026-08-02 08:44:52,2026-08-04 14:42:20,draw risk is low from model and database
915,Transport United FC vs Tensung FC,Bhutan Premier League,Bhutan,double_chance,Home or Draw,74,4,1,prematch,both,enriched_ensemble,2026-08-02 08:42:11,2026-08-04 14:42:19,home avoids defeat profile
914,FC Prykarpattya Ivano-Frankivsk vs FC Lokomotiv Kyiv,Ukraine Persha Liga,Ukraine,double_chance,Away or Draw,68,2,2,prematch,both,enriched_ensemble,2026-08-02 08:41:57,2026-08-04 14:42:18,away avoids defeat profile
913,Shandong Taishan B vs Dalian Kewei,China League 2,China,double_chance,Away or Draw,68,2,2,prematch,both,enriched_ensemble,2026-08-02 08:40:11,2026-08-04 14:42:16,away avoids defeat profile
912,FC Ural-2 Yekaterinburg vs FK Akron-2 Tolyatti,"Russia 2. Liga, Division B, Group 4",Russia,double_chance,Away or Draw,74,1,3,live,both,enriched_ensemble,2026-08-02 08:39:41,2026-08-04 14:42:15,away avoids defeat profile
910,Suzhou Dongwu vs Meizhou Hakka,China League 1,China,double_chance,Home or Draw,74,1,0,prematch,both,enriched_ensemble,2026-08-02 08:35:08,2026-08-04 14:42:10,home avoids defeat profile
908,Shenzhen Juniors FC vs Wuxi Wugou,China League 1,China,double_chance,Home or Away,74,1,0,prematch,both,enriched_ensemble,2026-08-02 08:29:33,2026-08-04 14:42:08,draw risk is low from model and database
953,APIA Leichhardt FC vs Bulls FC Academy U23,"Australia U23 NSW NPL, Women",Australia,double_chance,Home or Draw,74,0,0,live,both,enriched_ensemble,2026-08-02 10:36:12,2026-08-04 14:42:06,home avoids defeat profile
907,APIA Leichhardt FC vs Bulls FC Academy U23,"Australia U23 NSW NPL, Women",Australia,double_chance,Home or Draw,74,0,0,prematch,both,enriched_ensemble,2026-08-02 08:29:22,2026-08-04 14:42:06,home avoids defeat profile
906,UQ FC vs Logan Roos FC,Australia Queensland Premier League 3 Metro,Australia,double_chance,Home or Away,62,1,3,live,sportybet,sportybet_market_signal,2026-08-02 08:26:24,2026-08-04 14:42:05,draw risk is low from model and database
1060,KI Klaksvik vs B36 Torshavn,Faroe Islands Premier League,Faroe Islands,double_chance,Home or Draw,74,2,0,prematch,both,sportybet_market_signal,2026-08-02 15:33:06,2026-08-04 14:42:01,home avoids defeat profile
905,KI Klaksvik vs B36 Torshavn,Faroe Islands Premier League,Faroe Islands,double_chance,Home or Draw,74,2,0,prematch,both,sportybet_market_signal,2026-08-02 08:26:01,2026-08-04 14:42:00,home avoids defeat profile
996,Changchun Yatai vs Shijiazhuang Kungfu FC,China League 1,China,double_chance,Away or Draw,82,2,2,live,both,enriched_ensemble,2026-08-02 12:54:53,2026-08-04 14:41:57,away avoids defeat profile; reduced for side-signal conflict
904,Changchun Yatai vs Shijiazhuang Kungfu FC,China League 1,China,double_chance,Away or Draw,74,2,2,prematch,both,enriched_ensemble,2026-08-02 08:25:50,2026-08-04 14:41:57,away avoids defeat profile; reduced for side-signal conflict
990,Mohammedan SC vs Samaleswari SC,India Durand Cup,India,double_chance,Away or Draw,68,2,3,prematch,both,enriched_ensemble,2026-08-02 12:30:06,2026-08-04 14:41:55,away avoids defeat profile
903,Mohammedan SC vs Samaleswari SC,India Durand Cup,India,double_chance,Away or Draw,68,2,3,prematch,both,enriched_ensemble,2026-08-02 08:22:37,2026-08-04 14:41:55,away avoids defeat profile
902,Western Sydney Wanderers Youth vs MT Druitt Town Rangers,"Australia NSW NPL, Women",Australia,live_match_winner,Western Sydney Wanderers Youth live winner,64,9,1,live,both,enriched_ensemble,2026-08-02 08:20:59,2026-08-04 14:41:53,home side leads; prematch model and live pressure are included
901,Jeonnam Dragons vs Paju Frontier FC,Republic of Korea K-League 2,Republic of Korea,double_chance,Away or Draw,68,1,2,prematch,both,enriched_ensemble,2026-08-02 08:17:05,2026-08-04 14:41:52,away avoids defeat profile
989,Gimpo FC vs Gyeongnam FC,Republic of Korea K-League 2,Republic of Korea,double_chance,Home or Draw,82,1,1,live,both,enriched_ensemble,2026-08-02 12:29:26,2026-08-04 14:41:51,home avoids defeat profile
900,Gimpo FC vs Gyeongnam FC,Republic of Korea K-League 2,Republic of Korea,double_chance,Home or Draw,74,1,1,prematch,both,enriched_ensemble,2026-08-02 08:15:59,2026-08-04 14:41:51,home avoids defeat profile
980,Busan IPark vs Seoul E-Land FC,Republic of Korea K-League 2,Republic of Korea,double_chance,Home or Away,74,1,2,live,both,enriched_ensemble,2026-08-02 12:00:27,2026-08-04 14:41:49,draw risk is low from model and database
899,Busan IPark vs Seoul E-Land FC,Republic of Korea K-League 2,Republic of Korea,double_chance,Home or Away,74,1,2,prematch,both,enriched_ensemble,2026-08-02 08:15:23,2026-08-04 14:41:49,draw risk is low from model and database
981,Jeju United FC vs Incheon United FC,Republic of Korea K-League 1,Republic of Korea,double_chance,Home or Draw,82,3,3,live,both,enriched_ensemble,2026-08-02 12:00:35,2026-08-04 14:41:45,home avoids defeat profile
896,Jeju United FC vs Incheon United FC,Republic of Korea K-League 1,Republic of Korea,double_chance,Home or Draw,74,3,3,prematch,both,enriched_ensemble,2026-08-02 08:10:48,2026-08-04 14:41:45,home avoids defeat profile
982,Daejeon Citizen FC vs Gwangju FC,Republic of Korea K-League 1,Republic of Korea,double_chance,Home or Draw,74,2,0,live,both,enriched_ensemble,2026-08-02 12:02:23,2026-08-04 14:41:44,home avoids defeat profile
895,Daejeon Citizen FC vs Gwangju FC,Republic of Korea K-League 1,Republic of Korea,double_chance,Home or Draw,74,2,0,prematch,both,enriched_ensemble,2026-08-02 08:09:54,2026-08-04 14:41:44,home avoids defeat profile
977,Qviding FIF vs BK Astrio,Sweden Division 2,Sweden,double_chance,Home or Draw,74,3,1,live,both,enriched_ensemble,2026-08-02 11:58:12,2026-08-04 14:41:41,home avoids defeat profile
890,Qviding FIF vs BK Astrio,Sweden Division 2,Sweden,double_chance,Home or Draw,74,3,1,prematch,both,enriched_ensemble,2026-08-02 08:02:52,2026-08-04 14:41:41,home avoids defeat profile
886,OFK Dynamo Malzenice vs Slovan Bratislava B,Slovakia 2. Liga,Slovakia,double_chance,Home or Draw,70,4,2,prematch,both,enriched_ensemble,2026-08-02 07:48:30,2026-08-04 14:41:35,home avoids defeat profile
958,FC Hertha Wels vs Austria Salzburg,Austria 2. Liga,Austria,double_chance,Away or Draw,74,0,2,live,both,enriched_ensemble,2026-08-02 10:54:44,2026-08-04 14:41:31,away avoids defeat profile
884,FC Hertha Wels vs Austria Salzburg,Austria 2. Liga,Austria,double_chance,Away or Draw,68,0,2,prematch,both,enriched_ensemble,2026-08-02 07:45:59,2026-08-04 14:41:31,away avoids defeat profile
883,SK Unicov vs MFk Karvina B,Czechia MSFL,Czechia,double_chance,Home or Draw,74,3,2,prematch,both,enriched_ensemble,2026-08-02 07:45:09,2026-08-04 14:41:30,home avoids defeat profile
879,Dynamo Vladivostok vs FC Dynamo Bryansk,"Russia 2. Liga, Division A",Russia,double_chance,Home or Away,74,1,2,prematch,both,enriched_ensemble,2026-08-02 07:39:41,2026-08-04 14:41:26,draw risk is low from model and database
1010,FC Ingolstadt 04 vs 1. FFC Turbine Potsdam 71,"Germany Amateur 2. Bundesliga, Women",Germany Amateur,double_chance,Home or Draw,74,1,0,prematch,both,enriched_ensemble,2026-08-02 13:35:37,2026-08-04 14:41:25,home avoids defeat profile
877,FC Ingolstadt 04 vs 1. FFC Turbine Potsdam 71,"Germany Amateur 2. Bundesliga, Women",Germany Amateur,double_chance,Home or Draw,74,1,0,prematch,both,enriched_ensemble,2026-08-02 07:35:43,2026-08-04 14:41:25,home avoids defeat profile
876,FC Ska-Khabarovsk vs FK Ural Yekaterinburg,Russia 1. Liga,Russia,double_chance,Away or Draw,68,0,3,prematch,both,enriched_ensemble,2026-08-02 07:31:13,2026-08-04 14:41:24,away avoids defeat profile
875,Shanghai Second vs Changchun Xidu,China League 2,China,double_chance,Home or Draw,74,1,1,prematch,both,enriched_ensemble,2026-08-02 07:29:55,2026-08-04 14:41:23,home avoids defeat profile
874,Subiaco AFC vs Hyundai Ntc,"Australia Western Australia NPL, Women",Australia,double_chance,Home or Away,74,4,2,prematch,both,enriched_ensemble,2026-08-02 07:28:45,2026-08-04 14:41:22,draw risk is low from model and database
1012,SG 99 Andernach vs SV Meppen,"Germany Amateur 2. Bundesliga, Women",Germany Amateur,double_chance,Away or Draw,61,1,2,prematch,both,enriched_ensemble,2026-08-02 13:36:15,2026-08-04 14:41:20,away avoids defeat profile
872,SG 99 Andernach vs SV Meppen,"Germany Amateur 2. Bundesliga, Women",Germany Amateur,double_chance,Away or Draw,65,1,2,prematch,both,enriched_ensemble,2026-08-02 07:26:48,2026-08-04 14:41:20,away avoids defeat profile
871,Illawarra Stingrays vs Sydney Olympic FC,"Australia U23 NSW NPL, Women",Australia,double_chance,Home or Draw,74,1,0,prematch,both,enriched_ensemble,2026-08-02 07:24:37,2026-08-04 14:41:19,home avoids defeat profile
870,Nepean FC vs South Coast Flame FC,"Australia NSW League One, Women",Australia,double_chance,Home or Away,74,1,4,prematch,both,enriched_ensemble,2026-08-02 07:22:53,2026-08-04 14:41:18,draw risk is low from model and database
868,Unsw FC vs Manly United FC,"Australia NSW NPL, Women",Australia,double_chance,Home or Draw,74,2,2,live,sportybet,sportybet_market_signal,2026-08-02 07:21:51,2026-08-04 14:41:16,home avoids defeat profile
867,Camden Tigers FC vs Blacktown City FC,"Australia NSW League One, Women",Australia,double_chance,Home or Draw,74,2,0,prematch,both,enriched_ensemble,2026-08-02 07:19:26,2026-08-04 14:41:15,home avoids defeat profile
866,Perth Redstar FC vs Uwa Nedlands FC,"Australia Western Australia NPL, Women",Australia,double_chance,Home or Draw,74,1,1,prematch,both,enriched_ensemble,2026-08-02 07:17:58,2026-08-04 14:41:14,home avoids defeat profile
864,FK Krasnodar vs FC Fakel Voronezh,Russia Premier League,Russia,double_chance,Home or Draw,74,3,2,prematch,both,enriched_ensemble,2026-08-02 07:12:23,2026-08-04 14:41:13,home avoids defeat profile
1099,FC Ordabasy vs Tobol Kostanay,Kazakhstan Premier League,Kazakhstan,double_chance,Home or Draw,74,2,0,live,both,enriched_ensemble,2026-08-02 17:25:22,2026-08-04 14:41:12,home avoids defeat profile
863,FC Ordabasy vs Tobol Kostanay,Kazakhstan Premier League,Kazakhstan,double_chance,Home or Draw,74,2,0,prematch,both,enriched_ensemble,2026-08-02 07:10:52,2026-08-04 14:41:12,home avoids defeat profile
1089,Wolfsberger AC vs FK Austria Wien,Austria Bundesliga,Austria,double_chance,Home or Away,74,3,0,live,both,enriched_ensemble,2026-08-02 16:31:54,2026-08-04 14:41:11,draw risk is low from model and database
861,Wolfsberger AC vs FK Austria Wien,Austria Bundesliga,Austria,double_chance,Home or Away,74,3,0,prematch,both,enriched_ensemble,2026-08-02 07:08:19,2026-08-04 14:41:11,draw risk is low from model and database
1096,Austria Lustenau vs SV Ried,Austria Bundesliga,Austria,double_chance,Away or Draw,74,1,1,live,both,enriched_ensemble,2026-08-02 17:15:25,2026-08-04 14:41:10,away avoids defeat profile
859,Austria Lustenau vs SV Ried,Austria Bundesliga,Austria,double_chance,Away or Draw,68,1,1,prematch,both,enriched_ensemble,2026-08-02 07:05:44,2026-08-04 14:41:10,away avoids defeat profile
1061,Eb/Streymur vs Vikingur Gota,Faroe Islands Premier League,Faroe Islands,double_chance,Home or Away,74,1,2,prematch,both,enriched_ensemble,2026-08-02 15:33:42,2026-08-04 14:41:09,draw risk is low from model and database
858,Eb/Streymur vs Vikingur Gota,Faroe Islands Premier League,Faroe Islands,double_chance,Home or Away,74,1,2,prematch,both,enriched_ensemble,2026-08-02 07:01:40,2026-08-04 14:41:09,draw risk is low from model and database
1013,Spartans Wfc vs Boroughmuir Thistle FC,"Scotland Premier League Cup, Women",Scotland,double_chance,Home or Draw,73,2,0,live,both,enriched_ensemble,2026-08-02 13:37:07,2026-08-04 14:41:08,home avoids defeat profile
857,Spartans Wfc vs Boroughmuir Thistle FC,"Scotland Premier League Cup, Women",Scotland,double_chance,Home or Draw,74,2,0,prematch,both,enriched_ensemble,2026-08-02 06:59:45,2026-08-04 14:41:08,home avoids defeat profile
856,Ulytau FC vs Astana,Kazakhstan Premier League,Kazakhstan,double_chance,Away or Draw,68,0,2,prematch,both,enriched_ensemble,2026-08-02 06:53:23,2026-08-04 14:41:06,away avoids defeat profile
967,FC Chernomorets Odessa vs FC Polissya Zhytomyr,Ukraine Premier League,Ukraine,double_chance,Away or Draw,60,1,2,live,both,enriched_ensemble,2026-08-02 11:19:15,2026-08-04 14:41:05,away avoids defeat profile
855,FC Chernomorets Odessa vs FC Polissya Zhytomyr,Ukraine Premier League,Ukraine,double_chance,Away or Draw,68,1,2,prematch,both,enriched_ensemble,2026-08-02 06:47:16,2026-08-04 14:41:05,away avoids defeat profile
854,MT Gravatt Hawks vs AC Carina,Australia Queensland Premier League 3 Metro,Australia,double_chance,Home or Away,74,1,3,prematch,both,enriched_ensemble,2026-08-02 06:39:40,2026-08-04 14:41:04,draw risk is low from model and database
853,Souths United FC vs Southside Eagles,Australia Queensland Premier League 2,Australia,double_chance,Home or Away,74,2,1,prematch,both,enriched_ensemble,2026-08-02 06:37:22,2026-08-04 14:41:03,draw risk is low from model and database
852,St George Willawong FC vs Brisbane Strikers FC,Australia Queensland Premier League 1,Australia,double_chance,Home or Away,74,0,1,prematch,both,enriched_ensemble,2026-08-02 06:35:10,2026-08-04 14:41:01,draw risk is low from model and database
851,Gartcairn Wfc vs Queen's Park LFC,"Scotland Premier League Cup, Women",Scotland,double_chance,Home or Away,74,3,1,prematch,both,enriched_ensemble,2026-08-02 06:32:00,2026-08-04 14:41:01,draw risk is low from model and database
848,Boca Juniors de Cali vs Tigres FC,Colombia Torneo DIMAYOR,Colombia,double_chance,Home or Draw,62,0,0,prematch,sportybet,sportybet_market_signal,2026-08-01 19:48:06,2026-08-04 14:40:58,home avoids defeat profile
846,CA Defensores de Belgrano vs CA Estudiantes,Argentina Primera Nacional,Argentina,double_chance,Home or Draw,74,1,1,live,sportybet,manual_deterministic,2026-08-01 19:03:07,2026-08-04 14:40:56,home avoids defeat profile; reduced for side-signal conflict
844,Club Atletico La Paz vs Alacranes de Durango,Mexico Liga de Expansion MX,Mexico,double_chance,Home or Away,74,0,1,prematch,both,enriched_ensemble,2026-07-31 21:52:50,2026-08-04 14:40:54,draw risk is low from model and database
843,FC Juarez vs Pumas UNAM,Mexico Liga MX,Mexico,double_chance,Away or Draw,68,1,5,prematch,both,enriched_ensemble,2026-07-31 21:52:10,2026-08-04 14:40:53,away avoids defeat profile
842,Atletico San Luis vs Club Tijuana de Caliente,Mexico Liga MX,Mexico,double_chance,Home or Draw,74,0,0,prematch,both,enriched_ensemble,2026-07-31 21:51:37,2026-08-04 14:40:52,home avoids defeat profile
841,Ventura County FC vs North Texas SC,USA MLS Next Pro,USA,double_chance,Home or Away,74,6,1,prematch,both,enriched_ensemble,2026-07-31 21:50:56,2026-08-04 14:40:52,draw risk is low from model and database
840,Los Angeles FC 2 vs Colorado Rapids 2,USA MLS Next Pro,USA,double_chance,Home or Away,74,3,0,prematch,both,enriched_ensemble,2026-07-31 21:50:17,2026-08-04 14:40:51,draw risk is low from model and database
838,San Antonio FC vs Indy Eleven,USA USL Championship,USA,double_chance,Home or Draw,74,3,1,prematch,both,enriched_ensemble,2026-07-31 21:39:49,2026-08-04 14:40:49,home avoids defeat profile
835,Sporting Kansas City II vs Houston Dynamo 2,USA MLS Next Pro,USA,double_chance,Home or Away,74,3,2,prematch,both,enriched_ensemble,2026-07-31 21:29:40,2026-08-04 14:40:47,draw risk is low from model and database
831,CA Excursionistas vs CD Armenio,Argentina Primera B,Argentina,double_chance,Home or Draw,74,2,1,prematch,both,enriched_ensemble,2026-07-31 21:22:06,2026-08-04 14:40:45,home avoids defeat profile
830,Union Magdalena vs Orsomarso SC,Colombia Torneo DIMAYOR,Colombia,double_chance,Home or Draw,74,0,0,prematch,both,enriched_ensemble,2026-07-31 21:21:23,2026-08-04 14:40:45,home avoids defeat profile
829,Inter Miami CF II vs Chattanooga FC,USA MLS Next Pro,USA,double_chance,Home or Away,74,0,1,prematch,both,enriched_ensemble,2026-07-31 21:20:46,2026-08-04 14:40:44,draw risk is low from model and database
828,Club Fernando de La Mora vs 12 de Junio de Villa Hayes,Paraguay Division Intermedia,Paraguay,double_chance,Away or Draw,73,1,1,prematch,both,enriched_ensemble,2026-07-31 21:20:14,2026-08-04 14:40:44,away avoids defeat profile
826,San Luis de Quillota vs CSD Rangers,Chile Primera B,Chile,double_chance,Home or Draw,74,1,1,prematch,both,enriched_ensemble,2026-07-31 21:19:07,2026-08-04 14:40:40,home avoids defeat profile
824,AD Rosario vs Adr Jicaral,Costa Rica Liga de Ascenso,Costa Rica,double_chance,Home or Away,74,0,1,prematch,both,enriched_ensemble,2026-07-31 21:17:59,2026-08-04 14:40:39,draw risk is low from model and database
822,Club Mercedes vs Club Estrella Del Sur (Alejandro Korn),Argentina Primera C,Argentina,double_chance,Home or Draw,74,1,1,live,both,enriched_ensemble,2026-07-31 21:07:50,2026-08-04 14:40:38,home avoids defeat profile
821,Defensores de Cambaceres vs CA Lugano,Argentina Primera C,Argentina,double_chance,Away or Draw,74,1,2,prematch,both,enriched_ensemble,2026-07-31 21:03:05,2026-08-04 14:40:37,away avoids defeat profile
819,CD Real Santander vs Boyaca Patriotas,Colombia Torneo DIMAYOR,Colombia,double_chance,Away or Draw,74,2,2,prematch,both,enriched_ensemble,2026-07-31 21:02:24,2026-08-04 14:40:34,away avoids defeat profile
814,Pacific FC vs FC Supra Du Quebec,Canada Canadian Premier League,Canada,double_chance,Away or Draw,74,1,2,prematch,both,enriched_ensemble,2026-07-31 20:58:20,2026-08-04 14:40:32,away avoids defeat profile
813,Los Chankas CYC vs Comerciantes Unidos,Peru Liga 1,Peru,double_chance,Home or Draw,74,3,2,live,both,enriched_ensemble,2026-07-31 20:58:00,2026-08-04 14:40:31,home avoids defeat profile
810,Drogheda United FC vs Shamrock Rovers,Ireland Premier Division,Ireland,double_chance,Away or Draw,72,0,0,live,both,enriched_ensemble,2026-07-31 20:54:58,2026-08-04 14:40:28,away avoids defeat profile
809,FC Tobol Kostanay Reserve vs Shakhtar Karagandy,Kazakhstan Pervaya Liga,Kazakhstan,double_chance,Away or Draw,79,0,2,live,both,enriched_ensemble,2026-07-31 13:08:02,2026-08-04 14:40:28,away avoids defeat profile
808,Cristobal Colon Jas vs Atlántida Sport Club,Paraguay Primera Division B (APF),Paraguay,double_chance,Away or Draw,74,2,2,live,both,enriched_ensemble,2026-07-31 13:04:02,2026-08-04 14:40:27,away avoids defeat profile
807,Persib Bandung vs BG Tampines Rovers,Indonesia Piala Presiden,Indonesia,double_chance,Home or Draw,74,1,0,prematch,both,enriched_ensemble,2026-07-31 12:23:51,2026-08-04 14:40:26,home avoids defeat profile
805,FC Kairat Almaty Reserve vs FC Jaiyq Uralsk,Kazakhstan Pervaya Liga,Kazakhstan,double_chance,Home or Draw,77,2,2,live,both,enriched_ensemble,2026-07-31 12:06:32,2026-08-04 14:40:25,home avoids defeat profile
801,Libertad Asuncion vs Recoleta FC Reserve,"Paraguay Primera Division Reserve, Clausura",Paraguay,double_chance,Home or Draw,74,2,0,live,both,enriched_ensemble,2026-07-31 11:34:35,2026-08-04 14:40:24,home avoids defeat profile
800,Sportivo San Lorenzo vs Guarani Asuncion,"Paraguay Primera Division Reserve, Clausura",Paraguay,double_chance,Home or Away,74,0,5,live,both,enriched_ensemble,2026-07-31 11:32:44,2026-08-04 14:40:23,draw risk is low from model and database
797,Broadbeach United vs Logan Lightning,Australia Queensland Premier League 1,Australia,double_chance,Home or Away,74,1,0,live,both,enriched_ensemble,2026-07-31 10:41:44,2026-08-04 14:40:22,draw risk is low from model and database
796,TJ Unie Hlubina vs FC Zbrojovka Brno B,Czechia MSFL,Czechia,double_chance,Home or Away,74,8,2,prematch,both,enriched_ensemble,2026-07-31 10:38:05,2026-08-04 14:40:21,draw risk is low from model and database
792,Melbourne Knights vs Western United FC Youth,Australia Victoria Premier League 1,Australia,double_chance,Home or Away,74,4,2,live,both,enriched_ensemble,2026-07-31 10:32:20,2026-08-04 14:40:20,draw risk is low from model and database
790,Be1 Nfa vs FK Jonava,Lithuania 1 Lyga,Lithuania,double_chance,Home or Away,74,0,2,prematch,both,enriched_ensemble,2026-07-31 10:29:39,2026-08-04 14:40:19,draw risk is low from model and database
788,PFK Metallurg Bekabad vs Lochin,Uzbekistan Pro Liga,Uzbekistan,double_chance,Home or Draw,74,5,0,prematch,both,enriched_ensemble,2026-07-31 10:28:22,2026-08-04 14:40:18,home avoids defeat profile
787,Western Strikers vs Mount Barker United SC,Australia South Australia State League 2,Australia,double_chance,Home or Draw,74,6,0,live,both,enriched_ensemble,2026-07-31 10:25:10,2026-08-04 14:40:17,home avoids defeat profile
786,FC KTP Kotka vs SJK Akatemia,Finland Ykkosliiga,Finland,double_chance,Home or Draw,74,2,1,prematch,both,enriched_ensemble,2026-07-31 10:23:10,2026-08-04 14:40:17,home avoids defeat profile
783,FC Orsha vs Soligorsk,Belarus Pervaya Liga,Belarus,double_chance,Home or Away,74,3,1,prematch,both,enriched_ensemble,2026-07-31 10:19:40,2026-08-04 14:40:16,draw risk is low from model and database
780,Puebla vs Guadalajara U21,Mexico U21 Liga MX,Mexico,double_chance,Away or Draw,74,0,0,prematch,both,enriched_ensemble,2026-07-31 10:11:50,2026-08-04 14:40:15,away avoids defeat profile
777,Cooks Hill United vs Broadmeadow Magic FC,Australia Northern NSW NPL,Australia,double_chance,Home or Away,74,0,1,live,both,enriched_ensemble,2026-07-31 10:08:45,2026-08-04 14:40:13,draw risk is low from model and database
775,FK Pohronie Ziar Nad Hronom Dolna Zdana vs MSK Povazska Bystrica,Slovakia 2. Liga,Slovakia,double_chance,Home or Away,74,2,1,prematch,both,enriched_ensemble,2026-07-31 10:04:56,2026-08-04 14:40:12,draw risk is low from model and database
770,United Sports Club vs Nbp Rainbow AC,India Calcutta Premier Div.,India,double_chance,Home or Draw,74,2,1,live,both,enriched_ensemble,2026-07-31 09:44:44,2026-08-04 14:40:11,home avoids defeat profile
769,FC Dnepr Mogilev vs Naftan Novopolotsk,Belarus Vysshaya Liga,Belarus,double_chance,Home or Draw,74,3,3,prematch,both,enriched_ensemble,2026-07-31 09:44:27,2026-08-04 14:40:10,home avoids defeat profile
767,Rochedale Rovers vs Eastern Suburbs FC,Australia Queensland NPL,Australia,double_chance,Home or Away,74,2,1,live,both,enriched_ensemble,2026-07-31 09:36:40,2026-08-04 14:40:09,draw risk is low from model and database
766,Moreton City Excelsior Women vs Mitchelton Women,"Australia Queensland Premier League 1, Women",Australia,double_chance,Home or Away,74,2,5,live,both,enriched_ensemble,2026-07-31 09:35:11,2026-08-04 14:40:09,draw risk is low from model and database
761,Sturt Lions vs Modbury Jets,"Australia South Australia State League, Women",Australia,double_chance,Home or Draw,74,9,0,prematch,both,enriched_ensemble,2026-07-31 09:22:52,2026-08-04 14:40:07,home avoids defeat profile
760,Amiens vs FC Chambly Oise,International Clubs Club Friendly Games,International Clubs,double_chance,Home or Draw,73,2,0,live,both,enriched_ensemble,2026-07-31 09:05:19,2026-08-04 14:40:06,home avoids defeat profile
759,Adelaide City vs Western Strikes,"Australia South Australia State League, Women",Australia,double_chance,Home or Away,74,2,1,prematch,both,enriched_ensemble,2026-07-31 09:03:55,2026-08-04 14:40:05,draw risk is low from model and database
758,Yangon United FC vs Thitsar Arman FC,Myanmar U20 League,Myanmar,double_chance,Home or Draw,81,2,1,live,both,enriched_ensemble,2026-07-31 09:03:51,2026-08-04 14:40:05,home avoids defeat profile
757,Cove FC vs Elizabeth Grove,"Australia South Australia State League, Women",Australia,double_chance,Home or Away,74,2,0,prematch,both,enriched_ensemble,2026-07-31 09:02:57,2026-08-04 14:40:04,draw risk is low from model and database
753,Olympia Warriors Hobart vs Hobart United FC,Australia Tasmania Southern Championship,Australia,double_chance,Home or Draw,74,8,1,prematch,both,enriched_ensemble,2026-07-31 08:42:40,2026-08-04 14:40:03,home avoids defeat profile
751,Cordoba CF B vs Sevilla Atletico,International Clubs Club Friendly Games,International Clubs,double_chance,Home or Draw,73,2,1,live,both,enriched_ensemble,2026-07-31 08:35:31,2026-08-04 14:40:02,home avoids defeat profile
750,FK Spartak Moscow vs Dinamo Moscow,"Russia MFL, Division A",Russia,double_chance,Home or Away,74,3,0,prematch,both,enriched_ensemble,2026-07-31 08:33:44,2026-08-04 14:40:02,draw risk is low from model and database
747,Arema FC vs Brunei DPMM FC,Indonesia Piala Presiden,Indonesia,double_chance,Home or Away,74,2,0,prematch,both,enriched_ensemble,2026-07-31 08:27:49,2026-08-04 14:40:01,draw risk is low from model and database
745,FC Yaypan Fergana vs Fardu Ferghana,Uzbekistan Pro Liga,Uzbekistan,double_chance,Away or Draw,74,0,1,prematch,both,enriched_ensemble,2026-07-31 08:22:32,2026-08-04 14:40:00,away avoids defeat profile
744,FC Jayxun vs Bukhoro Davlat Universiteti,Uzbekistan Pro Liga,Uzbekistan,double_chance,Home or Draw,74,5,1,prematch,both,enriched_ensemble,2026-07-31 08:20:08,2026-08-04 14:39:59,home avoids defeat profile
743,Herentals FC vs Telone FC,Zimbabwe Premier Soccer League,Zimbabwe,double_chance,Home or Draw,72,2,0,prematch,both,enriched_ensemble,2026-07-31 08:19:22,2026-08-04 14:39:58,home avoids defeat profile
742,Vietnam vs Singapore,International ASEAN Championship,International,double_chance,Home or Draw,74,0,0,prematch,both,enriched_ensemble,2026-07-31 08:18:26,2026-08-04 14:39:57,home avoids defeat profile
741,Lokomotiv Moscow vs FK Nizhny Novgorod,"Russia MFL, Division A",Russia,double_chance,Home or Draw,74,4,0,prematch,both,enriched_ensemble,2026-07-31 08:14:07,2026-08-04 14:39:57,home avoids defeat profile
740,Azzurri United FC vs Darwin Hearts FC,"Australia Northern Territory Premier League, Women",Australia,double_chance,Home or Draw,74,2,1,prematch,both,enriched_ensemble,2026-07-31 08:13:24,2026-08-04 14:39:56,home avoids defeat profile
739,Melbourne Knights FC vs Western United FC,Australia U23 Victoria Premier League 1,Australia,double_chance,Home or Away,74,4,2,prematch,both,enriched_ensemble,2026-07-31 08:12:34,2026-08-04 14:39:55,draw risk is low from model and database
849,FC Orenburg vs FK Zenit Saint Petersburg,Russia Premier League,Russia,double_chance,Away or Draw,68,0,3,prematch,both,enriched_ensemble,2026-08-02 06:28:17,2026-08-02 15:09:50,away avoids defeat profile
424,Vancouver Whitecaps vs Los Angeles FC,World MLS,World,double_chance,Away or Draw,74,1,1,prematch,both,competition_special:brasileirao,2026-07-27 11:18:12,2026-08-02 05:39:20,away avoids defeat profile
423,DC United vs Nashville SC,World MLS,World,double_chance,Away or Draw,74,2,2,prematch,both,competition_special:brasileirao,2026-07-27 11:15:58,2026-08-02 05:39:20,away avoids defeat profile
817,Los Chankas CYC vs Comerciantes Unidos,"World Liga 1, Clausura",World,double_chance,Home or Draw,74,3,2,prematch,both,enriched_ensemble,2026-07-31 21:00:39,2026-07-31 22:08:41,home avoids defeat profile
658,Los Chankas CYC vs Comerciantes Unidos,"World Liga 1, Clausura",World,double_chance,Home or Draw,74,3,2,prematch,both,competition_special:liga-mx,2026-07-30 16:48:13,2026-07-31 22:08:41,home avoids defeat profile
804,FC Van Charentsavan vs Sardarapat FC,Armenia Premier League,Armenia,double_chance,Home or Away,74,1,4,live,both,enriched_ensemble,2026-07-31 12:03:36,2026-07-31 21:48:42,draw risk is low from model and database
638,Glenorchy Knights FC 2 vs University of Tasmania,Australia Tasmania Southern Championship,Australia,double_chance,Home or Away,74,3,1,prematch,both,enriched_ensemble,2026-07-30 16:25:43,2026-07-31 21:48:42,draw risk is low from model and database
561,FC Van Charentsavan vs Sardarapat FC,Armenia Premier League,Armenia,double_chance,Home or Away,74,1,4,prematch,both,enriched_ensemble,2026-07-30 07:47:50,2026-07-31 21:48:42,draw risk is low from model and database
816,Bodø/Glimt vs Lillestrøm SK,World Eliteserien,World,double_chance,Home or Away,74,4,0,prematch,both,enriched_ensemble,2026-07-31 20:59:51,2026-07-31 21:14:06,draw risk is low from model and database
602,LASK vs Grazer AK 1902,World Austrian Bundesliga,World,double_chance,Home or Draw,74,3,0,prematch,both,enriched_ensemble,2026-07-30 10:22:09,2026-07-31 20:54:59,home avoids defeat profile
601,Rodina Moscow vs FC Rostov,World Premier League,World,double_chance,Away or Draw,74,2,4,prematch,both,enriched_ensemble,2026-07-30 10:21:55,2026-07-31 20:54:59,away avoids defeat profile
428,Rodina Moscow vs FC Rostov,World Premier League,World,double_chance,Away or Draw,74,2,4,prematch,both,competition_special:saudi-pro-league,2026-07-27 11:25:03,2026-07-31 20:54:59,away avoids defeat profile
640,Preston Lions FC vs Green Gully Cavaliers,"Australia Victoria, NPL",Australia,double_chance,Home or Draw,74,2,2,prematch,both,enriched_ensemble,2026-07-30 16:27:41,2026-07-31 13:05:21,home avoids defeat profile
785,South Hobart FC 2 vs Taroona,Australia Tasmania Southern Championship,Australia,double_chance,Home or Away,74,2,0,live,both,enriched_ensemble,2026-07-31 10:22:53,2026-07-31 13:05:20,draw risk is low from model and database
784,Suwon WFC vs Sejong Sportstoto WFC,Republic of Korea WK-League,Republic of Korea,double_chance,Home or Draw,74,4,1,live,both,enriched_ensemble,2026-07-31 10:21:26,2026-07-31 13:05:20,home avoids defeat profile
636,South Hobart FC 2 vs Taroona,Australia Tasmania Southern Championship,Australia,double_chance,Home or Away,74,2,0,prematch,both,enriched_ensemble,2026-07-30 16:23:08,2026-07-31 13:05:20,draw risk is low from model and database
627,Broadmeadow Magic FC vs New Lambton FC,"Australia Northern NSW NPL, Women",Australia,double_chance,Home or Away,74,1,3,prematch,both,enriched_ensemble,2026-07-30 16:13:54,2026-07-31 13:05:20,draw risk is low from model and database
626,Broadmeadow Magic FC vs New Lambton FC,"Australia Northern NSW NPL, Women",Australia,double_chance,Home or Away,74,1,3,prematch,both,enriched_ensemble,2026-07-30 16:13:54,2026-07-31 13:05:20,draw risk is low from model and database
794,North Star FC vs Capalaba Bulldogs,Australia Queensland Premier League 1,Australia,double_chance,Home or Draw,74,1,0,live,both,enriched_ensemble,2026-07-31 10:35:51,2026-07-31 13:05:19,home avoids defeat profile
793,Essendon Royals SC vs Altona City SC,Australia Victoria Premier League 2,Australia,double_chance,Home or Away,74,3,2,live,both,enriched_ensemble,2026-07-31 10:33:37,2026-07-31 13:05:19,draw risk is low from model and database
776,Incheon Hyundai Steel Red Angels vs Hwacheon KSPO FC,Republic of Korea WK-League,Republic of Korea,double_chance,Away or Draw,76,0,2,live,both,enriched_ensemble,2026-07-31 10:05:05,2026-07-31 13:05:18,away avoids defeat profile
624,Incheon Hyundai Steel Red Angels vs Hwacheon KSPO FC,Republic of Korea WK-League,Republic of Korea,double_chance,Away or Draw,72,0,2,prematch,both,enriched_ensemble,2026-07-30 16:11:35,2026-07-31 13:05:18,away avoids defeat profile
781,Prospect United vs Blacktown Spartans,Australia NSW League One,Australia,double_chance,Away or Draw,74,1,2,live,both,enriched_ensemble,2026-07-31 10:13:25,2026-07-31 13:05:17,away avoids defeat profile
779,Campbelltown City SC vs Adelaide City FC,Australia South Australia NPL,Australia,double_chance,Home or Away,74,0,4,live,both,enriched_ensemble,2026-07-31 10:10:29,2026-07-31 13:05:17,draw risk is low from model and database
590,Nepean FC vs Bonnyrigg W. E.,Australia NSW League Two,Australia,double_chance,Home or Away,74,2,4,prematch,both,enriched_ensemble,2026-07-30 09:35:27,2026-07-31 13:05:17,draw risk is low from model and database
774,Timor-Leste vs Indonesia,International ASEAN Championship,International,double_chance,Home or Away,74,0,3,live,both,enriched_ensemble,2026-07-31 10:03:37,2026-07-31 12:09:25,draw risk is low from model and database
768,Peerless SC vs Kalighat Sports Lovers,India Calcutta Premier Div.,India,double_chance,Home or Draw,74,1,0,live,both,enriched_ensemble,2026-07-31 09:40:47,2026-07-31 11:57:56,home avoids defeat profile
619,Peerless SC vs Kalighat Sports Lovers,India Calcutta Premier Div.,India,double_chance,Home or Draw,74,1,0,prematch,both,enriched_ensemble,2026-07-30 16:06:13,2026-07-31 11:57:56,home avoids defeat profile
706,Salisbury Inter vs Flinders United Wfc,"Australia South Australia NPL, Women",Australia,double_chance,Home or Away,74,7,0,prematch,both,enriched_ensemble,2026-07-30 18:47:12,2026-07-31 10:57:56,draw risk is low from model and database
734,Ural Ekaterinburg vs Chertanovo Moscow,"Russia MFL, Division A",Russia,double_chance,Home or Away,74,3,1,live,both,enriched_ensemble,2026-07-31 08:07:05,2026-07-31 10:07:02,draw risk is low from model and database
575,Ural Ekaterinburg vs Chertanovo Moscow,"Russia MFL, Division A",Russia,double_chance,Home or Away,74,3,1,prematch,both,enriched_ensemble,2026-07-30 09:12:59,2026-07-31 10:07:02,draw risk is low from model and database
738,Prospect United vs Blacktown Spartans FC,Australia U20 NSW League One,Australia,double_chance,Home or Away,74,3,2,live,both,enriched_ensemble,2026-07-31 08:08:56,2026-07-31 10:07:01,draw risk is low from model and database
731,Cuba vs Costa Rica,International Youth U21 Central American and Caribbean Games,International Youth,double_chance,Home or Away,74,1,0,prematch,both,enriched_ensemble,2026-07-30 22:47:53,2026-07-31 08:06:38,draw risk is low from model and database
720,Fluminense-PI U20 vs River-PI U20,Brazil U20 Piauiense,Brazil,double_chance,Home or Draw,68,4,2,prematch,both,enriched_ensemble,2026-07-30 20:47:55,2026-07-31 08:06:38,home avoids defeat profile
564,CS Herediano vs CD Marathon San Pedro Sula,International Clubs CONCACAF Central American Cup,International Clubs,double_chance,Home or Draw,74,0,0,prematch,both,enriched_ensemble,2026-07-30 08:24:20,2026-07-31 08:06:37,home avoids defeat profile
560,Inter Formando Un Atleta U20 vs CD Aguila,"El Salvador Primera Division, Reserves",El Salvador,double_chance,Home or Away,74,2,3,prematch,both,enriched_ensemble,2026-07-30 07:43:12,2026-07-31 08:06:37,draw risk is low from model and database
615,Atlético Bucaramanga vs Llaneros FC,"World Liga DIMAYOR, Finalizacion",World,double_chance,Home or Draw,74,1,1,prematch,both,enriched_ensemble,2026-07-30 15:52:21,2026-07-31 08:04:42,home avoids defeat profile
604,CA Independiente vs Newell's Old Boys,"World Liga Profesional, Clausura",World,double_chance,Home or Draw,74,1,0,prematch,both,enriched_ensemble,2026-07-30 10:26:50,2026-07-31 08:04:42,home avoids defeat profile
613,O'Higgins vs Boca Juniors,"World CONMEBOL Sudamericana, Knockout stage",World,double_chance,Away or Draw,74,4,4,prematch,both,enriched_ensemble,2026-07-30 15:49:19,2026-07-31 08:04:41,away avoids defeat profile
433,O'Higgins vs Boca Juniors,"World CONMEBOL Sudamericana, Knockout stage",World,double_chance,Away or Draw,74,4,4,prematch,both,competition_special:copa-sudamericana,2026-07-27 11:33:50,2026-07-31 08:04:41,away avoids defeat profile
612,Caracas F.C. vs Independiente Santa Fe,"World CONMEBOL Sudamericana, Knockout stage",World,double_chance,Away or Draw,74,0,3,prematch,both,enriched_ensemble,2026-07-30 15:48:42,2026-07-31 08:04:17,away avoids defeat profile
432,Caracas F.C. vs Independiente Santa Fe,"World CONMEBOL Sudamericana, Knockout stage",World,double_chance,Away or Draw,74,0,3,prematch,both,competition_special:copa-sudamericana,2026-07-27 11:33:21,2026-07-31 08:04:17,away avoids defeat profile
713,LDU Quito vs Leones Futbol Club,Ecuador Copa Ecuador,Ecuador,double_chance,Home or Draw,74,6,0,live,both,enriched_ensemble,2026-07-30 20:01:52,2026-07-30 22:06:56,home avoids defeat profile
714,Morocco vs Algeria,"International Africa Cup of Nations, Women",International,double_chance,Home or Draw,71,1,0,live,both,enriched_ensemble,2026-07-30 20:04:03,2026-07-30 22:06:55,home avoids defeat profile
712,Sportivo San Lorenzo vs Club Guarani Asuncion,Paraguay Division de Honor,Paraguay,live_total_goals,Over 0.5 live,64,0,1,live,both,enriched_ensemble,2026-07-30 19:14:00,2026-07-30 21:07:00,same live goal window maps to the current over line
711,Hibernian FC vs KF Malisheva,International Clubs UEFA Conference League,International Clubs,double_chance,Home or Draw,74,4,1,live,both,enriched_ensemble,2026-07-30 19:13:18,2026-07-30 21:06:59,home avoids defeat profile
710,FK Sutjeska Niksic vs Maxline Vitebsk,International Clubs UEFA Conference League,International Clubs,double_chance,Away or Draw,68,1,2,live,both,enriched_ensemble,2026-07-30 19:12:32,2026-07-30 21:06:59,away avoids defeat profile
709,FC Dinamo City vs Aluminij Kidricevo,International Clubs UEFA Conference League,International Clubs,double_chance,Home or Draw,74,3,0,live,both,enriched_ensemble,2026-07-30 19:11:11,2026-07-30 21:06:59,home avoids defeat profile
708,Braga vs FK Zeleznicar Pancevo,International Clubs UEFA Conference League,International Clubs,double_chance,Home or Draw,74,4,0,live,both,enriched_ensemble,2026-07-30 19:10:08,2026-07-30 21:06:59,home avoids defeat profile
707,Benfica vs FC St. Gallen 1879,International Clubs UEFA Europa League,International Clubs,double_chance,Home or Draw,74,5,0,live,both,enriched_ensemble,2026-07-30 19:08:51,2026-07-30 21:06:58,home avoids defeat profile
703,RSC Anderlecht vs Hammarby IF,International Clubs UEFA Europa League,International Clubs,double_chance,Home or Away,74,3,1,live,both,enriched_ensemble,2026-07-30 18:38:06,2026-07-30 21:06:58,draw risk is low from model and database
696,Club Almagro Reserves vs Temperley Reserve,"Argentina Primera Nacional, Reserve",Argentina,double_chance,Away or Draw,73,0,3,prematch,both,enriched_ensemble,2026-07-30 18:08:47,2026-07-30 21:06:58,away avoids defeat profile
694,Csd Flandria Reserve vs CS Italiano Reserve,"Argentina Primera B, Reserve",Argentina,double_chance,Home or Away,74,2,0,prematch,both,enriched_ensemble,2026-07-30 18:08:03,2026-07-30 21:06:58,draw risk is low from model and database
689,PFC CSKA Sofia vs Qarabag,International Clubs UEFA Europa League,International Clubs,double_chance,Home or Draw,74,5,4,live,both,enriched_ensemble,2026-07-30 18:03:04,2026-07-30 21:06:57,home avoids defeat profile
704,Panathinaikos vs Paksi FC,International Clubs UEFA Conference League,International Clubs,double_chance,Home or Draw,74,2,2,live,both,enriched_ensemble,2026-07-30 18:39:33,2026-07-30 21:06:54,home avoids defeat profile
702,GKS Katowice vs MSK Zilina,International Clubs UEFA Conference League,International Clubs,double_chance,Home or Draw,74,3,1,live,both,enriched_ensemble,2026-07-30 18:35:23,2026-07-30 21:06:54,home avoids defeat profile
700,CFR Cluj vs FC Alashkert Yerevan,International Clubs UEFA Conference League,International Clubs,double_chance,Home or Draw,74,3,0,live,both,enriched_ensemble,2026-07-30 18:33:50,2026-07-30 21:06:53,home avoids defeat profile
697,FC Sion vs Bate Borisov,International Clubs UEFA Conference League,International Clubs,double_chance,Home or Draw,76,4,0,live,both,enriched_ensemble,2026-07-30 18:17:15,2026-07-30 21:06:53,home avoids defeat profile
683,Beitar Jerusalem FC vs AEK Larnaca,International Clubs UEFA Conference League,International Clubs,double_chance,Home or Draw,74,6,6,live,both,enriched_ensemble,2026-07-30 17:50:45,2026-07-30 21:06:52,home avoids defeat profile
581,CSKA Sofia vs Qarabağ FK,"World UEFA Europa League, Qualification",World,double_chance,Home or Draw,74,5,4,prematch,both,competition_special:europa-league,2026-07-30 09:19:38,2026-07-30 20:56:30,home avoids defeat profile
692,Ghana vs Burkina Faso,International Youth U20 WAFU Zone B Cup,International Youth,double_chance,Away or Draw,74,1,1,live,both,enriched_ensemble,2026-07-30 18:06:08,2026-07-30 20:07:25,away avoids defeat profile; reduced for side-signal conflict
558,CA Barracas Central Reserve vs Racing Club Reserve,"Argentina Primera LPF, Reserves",Argentina,double_chance,Away or Draw,62,1,1,prematch,both,manual_ai_prediction,2026-07-30 07:25:21,2026-07-30 20:07:18,away avoids defeat profile
635,Ludogorets vs Hapoel Tel Aviv FC,International Clubs UEFA Conference League,International Clubs,double_chance,Home or Draw,74,2,2,prematch,both,enriched_ensemble,2026-07-30 16:23:08,2026-07-30 20:07:14,home avoids defeat profile
690,Ajax vs FK Vojvodina Novi Sad,International Clubs UEFA Conference League,International Clubs,double_chance,Home or Away,74,4,1,live,both,enriched_ensemble,2026-07-30 18:03:47,2026-07-30 20:07:13,draw risk is low from model and database
693,Deportivo Muniz vs CA Atlas,Argentina Primera C,Argentina,double_chance,Away or Draw,74,1,1,prematch,both,enriched_ensemble,2026-07-30 18:07:12,2026-07-30 20:07:08,away avoids defeat profile
680,MS Football Hapoel Kiryat Yam vs Maccabi Achi Nazareth FC,"Israel League Cup, National",Israel,double_chance,Away or Draw,74,0,0,live,both,enriched_ensemble,2026-07-30 17:34:16,2026-07-30 20:07:06,away avoids defeat profile
668,Ppj/Lauttasaari vs LPS Laajasalon,Finland Kolmonen,Finland,double_chance,Home or Away,74,0,1,live,both,enriched_ensemble,2026-07-30 17:09:53,2026-07-30 20:07:05,draw risk is low from model and database
667,FC Ashdod vs Maccabi Ironi Kiryat Gat,"Israel League Cup, National",Israel,double_chance,Home or Away,74,2,1,live,both,enriched_ensemble,2026-07-30 17:08:32,2026-07-30 20:07:05,draw risk is low from model and database
666,FC Midtjylland vs Besiktas Istanbul,International Clubs UEFA Europa League,International Clubs,double_chance,Away or Draw,82,0,2,live,both,enriched_ensemble,2026-07-30 17:07:30,2026-07-30 20:07:04,away avoids defeat profile
664,HB Tórshavn vs Motherwell,International Clubs UEFA Conference League,International Clubs,double_chance,Away or Draw,74,0,3,live,both,enriched_ensemble,2026-07-30 17:03:01,2026-07-30 20:07:04,away avoids defeat profile; reduced for side-signal conflict
663,Maccabi Bney Reine vs Hapoel Acre FC,"Israel League Cup, National",Israel,double_chance,Home or Away,74,2,0,live,both,enriched_ensemble,2026-07-30 17:02:04,2026-07-30 20:07:03,draw risk is low from model and database
662,FC Hradec Kralove vs Tromsoe IL,International Clubs UEFA Europa League,International Clubs,double_chance,Home or Draw,75,3,1,prematch,both,enriched_ensemble,2026-07-30 16:54:03,2026-07-30 20:07:03,home avoids defeat profile
657,FCI Levadia Tallinn vs IFK Goteborg,International Clubs UEFA Conference League,International Clubs,double_chance,Home or Away,74,1,3,live,both,enriched_ensemble,2026-07-30 16:46:54,2026-07-30 20:07:03,draw risk is low from model and database
681,Malaga CF vs Al-Ittihad Club,International Clubs Club Friendly Games,International Clubs,double_chance,Home or Draw,60,2,2,live,both,enriched_ensemble,2026-07-30 17:35:10,2026-07-30 20:06:59,home avoids defeat profile
674,FC Andorra vs CE Europa,International Clubs Club Friendly Games,International Clubs,double_chance,Away or Draw,67,0,0,live,both,manual_deterministic,2026-07-30 17:25:09,2026-07-30 20:06:59,away avoids defeat profile
684,Derry City FC vs HNK Rijeka,International Clubs UEFA Conference League,International Clubs,double_chance,Away or Draw,74,0,1,live,both,enriched_ensemble,2026-07-30 17:51:27,2026-07-30 20:06:58,away avoids defeat profile
676,Maccabi Kabilio Jaffa vs Hapoel Rishon Lezion FC,"Israel League Cup, National",Israel,double_chance,Away or Draw,74,2,4,live,both,enriched_ensemble,2026-07-30 17:29:52,2026-07-30 20:06:58,away avoids defeat profile
675,Maccabi Herzliya vs Hapoel Ra`anana FC,"Israel League Cup, National",Israel,double_chance,Home or Away,74,2,0,live,both,enriched_ensemble,2026-07-30 17:25:22,2026-07-30 20:06:57,draw risk is low from model and database
673,FC Kafr Qasim vs Hapoel Kfar Shalem FC,"Israel League Cup, National",Israel,live_match_winner,FC Kafr Qasim live winner,68,2,1,live,both,enriched_ensemble,2026-07-30 17:24:18,2026-07-30 20:06:57,home side leads; prematch model and live pressure are included
672,SK Brann vs FC Universitatea Cluj,International Clubs UEFA Conference League,International Clubs,double_chance,Home or Away,74,3,1,live,both,enriched_ensemble,2026-07-30 17:19:12,2026-07-30 20:06:56,draw risk is low from model and database
671,Senegal vs Kenya,"International Africa Cup of Nations, Women",International,double_chance,Home or Draw,74,1,0,live,both,enriched_ensemble,2026-07-30 17:18:37,2026-07-30 20:06:56,home avoids defeat profile
670,Nordsjaelland vs GAIS,International Clubs UEFA Conference League,International Clubs,live_match_winner,Nordsjaelland live winner lean,62,6,0,live,both,enriched_ensemble,2026-07-30 17:12:41,2026-07-30 20:06:54,"score is level but market, prematch model, and live pressure have a clear side"
577,FC Midtjylland vs Beşiktaş JK,"World UEFA Europa League, Qualification",World,double_chance,Away or Draw,74,0,2,prematch,both,competition_special:europa-league,2026-07-30 09:14:10,2026-07-30 19:07:43,away avoids defeat profile
574,FC Hradec Králové vs Tromsø IL,"World UEFA Europa League, Qualification",World,double_chance,Home or Draw,74,3,1,prematch,both,competition_special:europa-league,2026-07-30 09:12:56,2026-07-30 19:07:43,home avoids defeat profile
419,FC Midtjylland vs Beşiktaş JK,"World UEFA Europa League, Qualification",World,double_chance,Away or Draw,74,0,2,prematch,both,competition_special:europa-league,2026-07-27 11:10:28,2026-07-30 19:07:43,away avoids defeat profile
418,FC Hradec Králové vs Tromsø IL,"World UEFA Europa League, Qualification",World,double_chance,Home or Draw,74,3,1,prematch,both,competition_special:europa-league,2026-07-27 11:09:59,2026-07-30 19:07:43,home avoids defeat profile
620,Mantova 1911 vs Alcione Milano,International Clubs Club Friendly Games,International Clubs,double_chance,Home or Draw,74,6,2,live,both,enriched_ensemble,2026-07-30 16:06:13,2026-07-30 18:11:27,home avoids defeat profile
617,Trabzonspor vs Al Sadd SC,International Clubs Club Friendly Games,International Clubs,double_chance,Home or Away,71,0,1,prematch,both,enriched_ensemble,2026-07-30 16:01:12,2026-07-30 18:11:27,draw risk is low from model and database
633,Vpv vs Larsmo Bollklubb,Finland Kolmonen,Finland,double_chance,Home or Away,74,2,3,live,both,enriched_ensemble,2026-07-30 16:20:31,2026-07-30 18:11:26,draw risk is low from model and database
655,FC Noah Yerevan vs FC Zimbru Chisinau,International Clubs UEFA Conference League,International Clubs,double_chance,Home or Draw,74,2,1,live,both,enriched_ensemble,2026-07-30 16:40:54,2026-07-30 18:11:25,home avoids defeat profile
608,FC Talant vs FC Dordoi Bishkek,Kyrgyzstan Premier League,Kyrgyzstan,double_chance,Away or Draw,71,0,0,live,both,enriched_ensemble,2026-07-30 15:45:30,2026-07-30 18:11:20,away avoids defeat profile
621,Parma Calcio vs SS Arezzo,International Clubs Club Friendly Games,International Clubs,double_chance,Away or Draw,61,1,1,live,both,enriched_ensemble,2026-07-30 16:07:31,2026-07-30 17:08:07,away avoids defeat profile
616,FC Pakhtakor Tashkent II vs Olimpik Mobiuz,Uzbekistan Pro Liga,Uzbekistan,double_chance,Away or Draw,78,1,4,live,both,enriched_ensemble,2026-07-30 15:59:52,2026-07-30 17:08:07,away avoids defeat profile
611,PFC Terdu vs FC Kattaqorgon,Uzbekistan Pro Liga,Uzbekistan,double_chance,Away or Draw,72,0,2,live,both,enriched_ensemble,2026-07-30 15:48:14,2026-07-30 17:08:04,away avoids defeat profile
609,Banaat FC vs Beirut Academy,"International Clubs WAFF Clubs Championship, Women",International Clubs,double_chance,Home or Away,73,4,0,live,both,enriched_ensemble,2026-07-30 15:47:03,2026-07-30 16:08:10,draw risk is low from model and database
614,PFC Shurtan vs Respublika Football Academy,Uzbekistan Pro Liga,Uzbekistan,double_chance,Home or Draw,74,2,1,live,both,enriched_ensemble,2026-07-30 15:51:49,2026-07-30 16:08:06,home avoids defeat profile
607,Mawlai SC vs Laitkor SC,India Shillong Premier League,India,double_chance,Home or Draw,82,5,0,prematch,both,enriched_ensemble,2026-07-30 10:30:51,2026-07-30 16:08:01,home avoids defeat profile
599,Ugyen Academy FC vs Rtc FC,Bhutan Premier League,Bhutan,double_chance,Home or Away,74,0,1,live,both,enriched_ensemble,2026-07-30 10:19:00,2026-07-30 16:07:55,draw risk is low from model and database
582,Anri Vladivostok vs FC Dynamo Barnaul,Russia Russian Cup,Russia,double_chance,Home or Away,74,1,2,prematch,both,enriched_ensemble,2026-07-30 09:21:05,2026-07-30 16:07:55,draw risk is low from model and database
566,Sikkim Police vs Red Panda FC,India S-league Premier Division,India,double_chance,Home or Away,74,4,2,prematch,both,enriched_ensemble,2026-07-30 09:01:36,2026-07-30 16:07:54,draw risk is low from model and database
559,Khan Tengri FC vs FK Turan,Kazakhstan Pervaya Liga,Kazakhstan,double_chance,Away or Draw,74,0,1,prematch,both,enriched_ensemble,2026-07-30 07:27:14,2026-07-30 16:07:53,away avoids defeat profile
557,FK Taraz vs Akademia Ontustyk,Kazakhstan Pervaya Liga,Kazakhstan,double_chance,Home or Draw,74,2,1,prematch,both,enriched_ensemble,2026-07-30 07:24:27,2026-07-30 16:07:49,home avoids defeat profile
570,Stade Lavallois MFC vs US Granville,International Clubs Club Friendly Games,International Clubs,double_chance,Home or Draw,71,3,1,live,both,enriched_ensemble,2026-07-30 09:07:15,2026-07-30 16:07:48,home avoids defeat profile
555,Lawsohtun SC vs Sohiong SC,India Shillong Second Divison,India,double_chance,Home or Draw,74,7,0,prematch,both,enriched_ensemble,2026-07-30 07:19:23,2026-07-30 10:23:17,home avoids defeat profile
554,Atletico Petroleos de Luanda vs CD Teruel,International Clubs Club Friendly Games,International Clubs,double_chance,Home or Draw,68,2,0,prematch,both,enriched_ensemble,2026-07-30 07:17:47,2026-07-30 10:23:16,home avoids defeat profile
538,SC Internacional RS vs CR Flamengo RJ,Brazil Brasileiro Serie A,Brazil,double_chance,Away or Draw,74,1,1,prematch,both,enriched_ensemble,2026-07-28 01:21:11,2026-07-30 00:30:51,away avoids defeat profile
480,Internacional vs Flamengo,World Brasileirão Betano,World,double_chance,Away or Draw,74,1,1,prematch,both,competition_special:brasileirao,2026-07-27 14:45:12,2026-07-30 00:30:46,away avoids defeat profile
422,Internacional vs Flamengo,World Brasileirão Betano,World,double_chance,Away or Draw,74,1,1,prematch,both,competition_special:super-lig,2026-07-27 11:14:03,2026-07-30 00:30:45,away avoids defeat profile
484,Defensa y Justicia vs Deportivo Riestra,"World Liga Profesional, Clausura",World,double_chance,Home or Draw,74,2,1,prematch,both,competition_special:liga-profesional,2026-07-27 14:54:43,2026-07-29 22:05:59,home avoids defeat profile
537,Gornik Zabrze vs Fenerbahce Istanbul,International Clubs UEFA Champions League,International Clubs,double_chance,Away or Draw,72,1,1,prematch,both,enriched_ensemble,2026-07-28 01:11:11,2026-07-29 20:31:38,away avoids defeat profile
442,Górnik Zabrze vs Fenerbahçe,"World UEFA Champions League, Qualification",World,double_chance,Away or Draw,74,1,1,prematch,both,competition_special:champions-league,2026-07-27 12:06:27,2026-07-29 20:09:20,away avoids defeat profile
536,CS Universitatea Craiova vs PFC Levski Sofia,International Clubs UEFA Champions League,International Clubs,double_chance,Home or Draw,74,2,2,prematch,both,enriched_ensemble,2026-07-28 00:42:16,2026-07-29 19:32:25,home avoids defeat profile
441,Universitatea Craiova vs Levski Sofia,"World UEFA Champions League, Qualification",World,double_chance,Home or Draw,74,2,2,prematch,both,competition_special:champions-league,2026-07-27 12:05:23,2026-07-29 19:31:48,home avoids defeat profile
540,KF Dukagjini vs Lugano,International Clubs UEFA Conference League,International Clubs,double_chance,Away or Draw,74,1,5,prematch,both,enriched_ensemble,2026-07-28 02:41:29,2026-07-29 16:41:38,away avoids defeat profile
431,Argentinos Juniors vs Estudiantes de Río Cuarto,"World Liga Profesional, Clausura",World,double_chance,Home or Draw,74,3,0,prematch,both,competition_special:liga-profesional,2026-07-27 11:28:27,2026-07-29 06:24:37,home avoids defeat profile
539,CD Olimpia Tegucigalpa vs Deportivo Mixco,International Clubs CONCACAF Central American Cup,International Clubs,double_chance,Home or Draw,74,2,0,prematch,both,enriched_ensemble,2026-07-28 01:31:10,2026-07-29 06:24:34,home avoids defeat profile
520,Argentinos Juniors vs Estudiantes Rio Cuarto,Argentina Primera LPF,Argentina,double_chance,Home or Draw,74,3,0,prematch,both,enriched_ensemble,2026-07-27 21:41:31,2026-07-29 06:24:32,home avoids defeat profile
494,Banfield vs Sarmiento,"World Liga Profesional, Clausura",World,double_chance,Home or Draw,74,3,2,prematch,both,enriched_ensemble,2026-07-27 16:16:08,2026-07-29 00:27:46,home avoids defeat profile
429,Banfield vs Sarmiento,"World Liga Profesional, Clausura",World,double_chance,Home or Draw,74,3,2,prematch,both,competition_special:liga-profesional,2026-07-27 11:27:41,2026-07-29 00:27:46,home avoids defeat profile
530,Aston Villa vs Real Sociedad,International Clubs Club Friendly Games,International Clubs,double_chance,Away or Draw,71,2,4,prematch,both,enriched_ensemble,2026-07-27 23:12:20,2026-07-28 21:27:55,away avoids defeat profile
528,Barnet FC vs Milton Keynes Dons,International Clubs Club Friendly Games,International Clubs,double_chance,Away or Draw,67,0,0,prematch,both,enriched_ensemble,2026-07-27 23:11:35,2026-07-28 21:27:55,away avoids defeat profile
527,Alfreton Town FC vs Mansfield Town,International Clubs Club Friendly Games,International Clubs,double_chance,Away or Draw,68,0,4,prematch,both,enriched_ensemble,2026-07-27 23:11:11,2026-07-28 21:27:54,away avoids defeat profile
545,Jwaaya FC vs AL Ansar SC,Lebanon Premier League,Lebanon,double_chance,Away or Draw,74,1,2,live,both,enriched_ensemble,2026-07-28 18:45:26,2026-07-28 21:27:53,away avoids defeat profile
513,Jwaaya FC vs AL Ansar SC,Lebanon Premier League,Lebanon,double_chance,Away or Draw,74,1,2,prematch,both,enriched_ensemble,2026-07-27 19:31:55,2026-07-28 21:27:53,away avoids defeat profile
544,Tallinna FC Zealot Sporting vs Kristiine JK,Estonia II Liiga B,Estonia,double_chance,Home or Away,74,1,2,live,both,enriched_ensemble,2026-07-28 18:25:22,2026-07-28 20:29:00,draw risk is low from model and database
550,Elche CF vs Al Ain FC,International Clubs Club Friendly Games,International Clubs,double_chance,Away or Draw,69,2,2,live,both,enriched_ensemble,2026-07-28 18:55:45,2026-07-28 20:28:55,away avoids defeat profile
525,Oldham Athletic vs Stockport County FC,International Clubs Club Friendly Games,International Clubs,double_chance,Away or Draw,71,0,1,prematch,both,enriched_ensemble,2026-07-27 22:42:02,2026-07-28 20:28:55,away avoids defeat profile
523,Elche CF vs Al Ain FC,International Clubs Club Friendly Games,International Clubs,double_chance,Away or Draw,70,2,2,prematch,both,enriched_ensemble,2026-07-27 22:22:04,2026-07-28 20:28:55,away avoids defeat profile
551,Fleetwood Town vs Bolton Wanderers,International Clubs Club Friendly Games,International Clubs,double_chance,Away or Draw,66,1,1,live,both,enriched_ensemble,2026-07-28 18:56:15,2026-07-28 20:28:54,away avoids defeat profile
522,Fleetwood Town vs Bolton Wanderers,International Clubs Club Friendly Games,International Clubs,double_chance,Away or Draw,69,1,1,prematch,both,enriched_ensemble,2026-07-27 22:21:36,2026-07-28 20:28:54,away avoids defeat profile
548,Koldingq vs Dbk Fortuna Hjoerring,"Denmark A Liga, Women",Denmark,double_chance,Away or Draw,71,2,6,live,both,enriched_ensemble,2026-07-28 18:50:09,2026-07-28 19:25:34,away avoids defeat profile
514,Koldingq vs Dbk Fortuna Hjoerring,"Denmark A Liga, Women",Denmark,double_chance,Away or Draw,74,2,6,prematch,both,enriched_ensemble,2026-07-27 19:42:20,2026-07-28 19:25:34,away avoids defeat profile
547,Landskrona BoIS vs IFK Norrkoping FK,Sweden Superettan,Sweden,double_chance,Home or Away,74,0,1,live,both,enriched_ensemble,2026-07-28 18:47:24,2026-07-28 19:25:32,draw risk is low from model and database
515,Landskrona BoIS vs IFK Norrkoping FK,Sweden Superettan,Sweden,double_chance,Home or Away,74,0,1,prematch,both,enriched_ensemble,2026-07-27 19:43:05,2026-07-28 19:25:32,draw risk is low from model and database
509,PFC Dobrudzha Dobrich vs FC Pirin Blagoevgrad,Bulgaria Vtora Liga,Bulgaria,double_chance,Home or Draw,74,5,1,prematch,both,enriched_ensemble,2026-07-27 19:04:44,2026-07-28 18:52:10,home avoids defeat profile
508,PFC Rilski Sportist Samokov vs PFC Ludogorets Razgrad II,Bulgaria Vtora Liga,Bulgaria,double_chance,Away or Draw,74,0,1,prematch,both,enriched_ensemble,2026-07-27 19:01:16,2026-07-28 18:52:10,away avoids defeat profile
506,Trau FC vs Neroca FC,India Durand Cup,India,double_chance,Away or Draw,74,0,0,prematch,both,enriched_ensemble,2026-07-27 18:10:33,2026-07-28 14:48:51,away avoids defeat profile
412,Tauro FC vs AF Sporting San Miguelito,Panama Liga Panamena,Panama,double_chance,Away or Draw,74,0,0,prematch,both,enriched_ensemble,2026-07-26 20:21:35,2026-07-28 12:07:28,away avoids defeat profile
505,Atletico FC Cali vs Independiente Yumbo,Colombia Torneo DIMAYOR,Colombia,double_chance,Away or Draw,74,0,2,prematch,both,enriched_ensemble,2026-07-27 18:09:06,2026-07-28 02:36:25,away avoids defeat profile
504,Floresta EC CE vs Maringa FC,Brazil Brasileiro Serie C,Brazil,double_chance,Away or Draw,74,1,1,prematch,both,enriched_ensemble,2026-07-27 18:02:45,2026-07-28 01:06:15,away avoids defeat profile
524,Durazno FC vs Deportivo LSM,Uruguay Primera Division Amateur,Uruguay,double_chance,Away or Draw,74,0,0,prematch,both,enriched_ensemble,2026-07-27 22:31:09,2026-07-28 00:46:01,away avoids defeat profile
500,Guayaquil City FC vs CD Universidad Catolica del Ecuador,Ecuador LigaPro Primera A,Ecuador,double_chance,Away or Draw,74,0,0,prematch,both,enriched_ensemble,2026-07-27 17:43:20,2026-07-27 23:36:29,away avoids defeat profile
499,Envigado FC vs Real Soacha Cundinamarca,Colombia Torneo DIMAYOR,Colombia,double_chance,Home or Draw,65,1,0,prematch,both,enriched_ensemble,2026-07-27 17:42:56,2026-07-27 22:36:25,home avoids defeat profile
497,FC Botosani vs Rapid Bucuresti 1923,Romania Superliga,Romania,goals,Under 3.5 goals,62,1,1,prematch,both,enriched_ensemble,2026-07-27 17:41:39,2026-07-27 20:46:47,under 3.5 only passes with reduced confidence because goal environment is mixed
495,Zaglebie Lubin vs GKS Piast Gliwice,Poland Ekstraklasa,Poland,double_chance,Home or Draw,81,2,0,prematch,both,enriched_ensemble,2026-07-27 16:34:00,2026-07-27 19:36:54,home avoids defeat profile
384,CA Cambe PR vs City London PR,"Brazil Paranaense, 3. Divisao",Brazil,double_chance,Away or Draw,74,0,2,prematch,both,enriched_ensemble,2026-07-26 16:57:22,2026-07-27 15:44:27,away avoids defeat profile
338,Rana FK vs Kjelsaas,Norway 2nd Division Group 2,Norway,double_chance,Home or Away,74,2,3,prematch,both,enriched_ensemble,2026-07-26 08:27:50,2026-07-27 15:44:15,draw risk is low from model and database
332,Boroughmuir Thistle FC vs Kilmarnock Lfc,"Scotland Premier League Cup, Women",Scotland,double_chance,Away or Draw,70,0,2,prematch,both,enriched_ensemble,2026-07-26 07:51:16,2026-07-27 15:44:06,away avoids defeat profile
312,Southside Eagles vs Samford Rangers,Australia Queensland Premier League 2,Australia,double_chance,Home or Away,74,7,1,prematch,both,enriched_ensemble,2026-07-25 21:07:58,2026-07-27 15:43:51,draw risk is low from model and database
307,Carolina Core FC vs Chicago Fire FC II,USA MLS Next Pro,USA,double_chance,Away or Draw,74,1,5,prematch,both,enriched_ensemble,2026-07-25 20:23:54,2026-07-27 15:43:41,away avoids defeat profile
305,New York City FC vs Chicago Fire,USA MLS,USA,double_chance,Home or Away,74,3,1,prematch,both,enriched_ensemble,2026-07-25 20:16:45,2026-07-27 15:43:12,draw risk is low from model and database
303,Chattanooga FC vs Philadelphia Union II,USA MLS Next Pro,USA,double_chance,Home or Away,74,4,0,prematch,both,enriched_ensemble,2026-07-25 20:02:17,2026-07-27 15:43:01,draw risk is low from model and database
302,Miami FC vs Tampa Bay Rowdies,USA USL Championship,USA,double_chance,Away or Draw,74,2,3,prematch,both,enriched_ensemble,2026-07-25 20:01:39,2026-07-27 15:42:35,away avoids defeat profile
300,Brooklyn FC vs San Antonio FC,USA USL Championship,USA,double_chance,Away or Draw,74,0,1,prematch,both,enriched_ensemble,2026-07-25 19:52:52,2026-07-27 15:42:31,away avoids defeat profile
324,Sao Jose EC SP vs EC Sao Bernardo SP,Brazil Copa Paulista,Brazil,double_chance,Home or Draw,75,2,1,live,both,enriched_ensemble,2026-07-25 23:35:29,2026-07-27 15:42:20,home avoids defeat profile
299,Cdp Junior FC vs Millonarios FC,Colombia Liga Femenina,Colombia,double_chance,Away or Draw,74,0,0,prematch,both,enriched_ensemble,2026-07-25 19:36:23,2026-07-27 15:42:08,away avoids defeat profile
318,Guabira Montero vs Cdt Real Oruro,Bolivia Division Profesional,Bolivia,double_chance,Home or Away,74,4,1,live,both,enriched_ensemble,2026-07-25 23:01:22,2026-07-27 15:27:29,draw risk is low from model and database
298,AD Confianca SE vs AO Itabaiana SE,Brazil Brasileiro Serie C,Brazil,double_chance,Home or Draw,70,1,1,prematch,both,enriched_ensemble,2026-07-25 19:30:34,2026-07-27 15:27:29,home avoids defeat profile
297,Guabira Montero vs Cdt Real Oruro,Bolivia Division Profesional,Bolivia,double_chance,Home or Away,74,4,1,prematch,both,enriched_ensemble,2026-07-25 19:21:03,2026-07-27 15:27:29,draw risk is low from model and database
291,Aurora FC vs CD Guastatoya,Guatemala Liga Nacional,Guatemala,double_chance,Away or Draw,74,0,1,prematch,both,enriched_ensemble,2026-07-25 19:05:21,2026-07-27 15:27:29,away avoids defeat profile
288,Yaracuyanos FC vs Atletico El Vigia,Venezuela Segunda Division,Venezuela,double_chance,Home or Draw,70,0,0,prematch,both,enriched_ensemble,2026-07-25 18:47:56,2026-07-27 15:27:28,home avoids defeat profile
279,Portuguesa Londrinense PR vs PSTC Procopense PR,"Brazil Paranaense, 3. Divisao",Brazil,double_chance,Away or Draw,68,2,4,prematch,both,enriched_ensemble,2026-07-25 18:26:18,2026-07-27 15:27:28,away avoids defeat profile
238,Kormakur/Hvot vs UMF Selfoss,Iceland 2. deild,Iceland,double_chance,Away or Draw,74,2,5,prematch,both,enriched_ensemble,2026-07-25 15:24:56,2026-07-27 15:27:28,away avoids defeat profile
237,Tiszakecskei LC vs Szeged-Csanad Grosics Akademia,Hungary NB II,Hungary,double_chance,Away or Draw,74,1,1,prematch,both,enriched_ensemble,2026-07-25 15:24:44,2026-07-27 15:27:28,away avoids defeat profile
225,Dalvik Reynir vs Vikingur Olafsvik,Iceland 2. deild,Iceland,double_chance,Home or Away,68,0,1,prematch,both,enriched_ensemble,2026-07-25 15:02:14,2026-07-27 15:27:28,draw risk is low from model and database
189,SV Wals-Grunau vs Austria Salzburg,Austria OFB Cup,Austria,double_chance,Away or Draw,68,1,5,prematch,both,enriched_ensemble,2026-07-25 13:06:16,2026-07-27 15:27:28,away avoids defeat profile
161,Drobak-Frogn vs Brumunddal Fotball,"Norway 3. Division, Group 6",Norway,goals,Both teams to score,56,7,1,prematch,both,enriched_ensemble,2026-07-25 10:36:28,2026-07-27 15:27:28,both-side scoring probability is above market threshold
160,Fana IL vs SK Djerv 1919,"Norway 3. Division, Group 3",Norway,double_chance,Home or Away,68,4,3,prematch,both,enriched_ensemble,2026-07-25 10:30:15,2026-07-27 15:27:28,draw risk is low from model and database
119,Canberra Olympic vs Queanbeyan City FC,Australia Capital NPL 1,Australia,double_chance,Away or Draw,68,2,2,prematch,both,enriched_ensemble,2026-07-24 22:10:59,2026-07-27 15:27:26,away avoids defeat profile
118,Canberra Olympic FC vs Queanbeyan City FC,Australia U23 Capital NPL,Australia,double_chance,Away or Draw,68,2,2,prematch,both,enriched_ensemble,2026-07-24 21:55:36,2026-07-27 15:27:26,away avoids defeat profile
117,Grange Thistle vs Moreton City Excelsior FC 2,Australia Queensland Premier League 2,Australia,double_chance,Home or Away,68,4,0,prematch,both,enriched_ensemble,2026-07-24 21:35:48,2026-07-27 15:27:25,draw risk is low from model and database
112,CA Platense vs Union de Santa Fe,Argentina Primera LPF,Argentina,double_chance,Away or Draw,68,2,2,prematch,both,enriched_ensemble,2026-07-24 17:16:29,2026-07-27 15:27:25,away avoids defeat profile
110,Velez Sarsfield vs Instituto AC Cordoba,Argentina Primera LPF,Argentina,goals,Under 3.5 goals,64,1,0,prematch,both,enriched_ensemble,2026-07-24 16:26:12,2026-07-27 15:27:25,under 3.5 only passes with reduced confidence because goal environment is mixed
108,Independiente Medellin vs CA Nacional Sa,Colombia Liga Femenina,Colombia,double_chance,Away or Draw,68,1,3,prematch,both,enriched_ensemble,2026-07-24 16:22:12,2026-07-27 15:27:25,away avoids defeat profile
106,Arborg vs Ulfanir,Iceland 4. deild,Iceland,double_chance,Home or Away,68,2,0,prematch,both,enriched_ensemble,2026-07-24 16:16:51,2026-07-27 15:27:25,draw risk is low from model and database
105,Cobh Ramblers vs Bray Wanderers AFC,Ireland First Division,Ireland,double_chance,Away or Draw,68,1,2,prematch,both,enriched_ensemble,2026-07-24 16:11:38,2026-07-27 15:27:25,away avoids defeat profile
96,Bournemouth vs FC St. Pauli,International Clubs Club Friendly Games,International Clubs,live_match_winner,Bournemouth live winner lean,67,4,1,live,both,enriched_ensemble,2026-07-24 14:04:28,2026-07-27 15:27:24,"score is level but market, prematch model, and live pressure have a clear side"
87,Preston Lions FC vs Bentleigh Greens,"Australia Victoria, NPL",Australia,goals,Under 1.5 goals,57,1,0,prematch,both,enriched_ensemble,2026-07-24 10:24:22,2026-07-27 15:27:24,learned 0-0 profile warns against early over 1.5
82,Nejmeh SC vs Jwaaya FC,Lebanon Premier League,Lebanon,goals,Under 3.5 goals,65,2,1,prematch,both,enriched_ensemble,2026-07-24 10:19:44,2026-07-27 15:27:24,under 3.5 only passes with reduced confidence because goal environment is mixed
81,Peninsula Power FC vs The Gap FC,"Australia Queensland Premier League 1, Women",Australia,double_chance,Away or Draw,67,2,3,prematch,both,enriched_ensemble,2026-07-24 10:16:18,2026-07-27 15:27:24,away avoids defeat profile
80,Cuiaba EC MT vs AC Goianiense GO,Brazil Brasileiro Serie B,Brazil,goals,Under 3.5 goals,62,0,1,prematch,both,enriched_ensemble,2026-07-21 20:58:15,2026-07-27 15:27:21,under 3.5 only passes with reduced confidence because goal environment is mixed
72,DAC 1904 Dunajska Streda vs FK Velez Mostar,International Clubs UEFA Conference League,International Clubs,goals,Under 3.5 goals,57,1,0,prematch,both,enriched_ensemble,2026-07-21 10:28:29,2026-07-27 15:27:20,under 3.5 only passes with reduced confidence because goal environment is mixed
66,FC Dila Gori vs Apollon Limassol,International Clubs UEFA Conference League,International Clubs,double_chance,Away or Draw,68,0,4,prematch,both,sportybet_market_signal,2026-07-21 09:58:08,2026-07-27 15:27:20,away avoids defeat profile
63,Garuda FC vs Darwin Hearts FC,Australia Northern Territory Premier League,Australia,double_chance,Away or Draw,67,2,3,prematch,both,sportybet_market_signal,2026-07-21 08:58:02,2026-07-27 15:27:20,away avoids defeat profile
62,FK Liepaja vs FK Austria Wien,International Clubs UEFA Conference League,International Clubs,double_chance,Away or Draw,68,0,2,prematch,both,enriched_ensemble,2026-07-21 04:28:06,2026-07-27 15:27:20,away avoids defeat profile
61,FC Alashkert Yerevan vs CFR Cluj,International Clubs UEFA Conference League,International Clubs,double_chance,Away or Draw,68,1,1,prematch,both,enriched_ensemble,2026-07-21 04:28:06,2026-07-27 15:27:20,away avoids defeat profile
57,Portland Timbers vs FC Dallas,USA MLS,USA,double_chance,Away or Draw,62,2,2,prematch,both,enriched_ensemble,2026-07-21 01:25:29,2026-07-27 15:27:19,away avoids defeat profile
55,Los Angeles FC vs Real Salt Lake,USA MLS,USA,double_chance,Home or Draw,62,3,1,prematch,both,enriched_ensemble,2026-07-21 01:25:27,2026-07-27 15:27:19,home avoids defeat profile
52,Nautico PE vs Londrina EC PR,Brazil Brasileiro Serie B,Brazil,double_chance,Home or Draw,62,2,1,prematch,both,enriched_ensemble,2026-07-21 01:25:25,2026-07-27 15:27:19,home avoids defeat profile
50,Nashville SC vs CF Montreal,USA MLS,USA,double_chance,Home or Draw,62,1,0,prematch,both,enriched_ensemble,2026-07-21 01:25:24,2026-07-27 15:27:19,home avoids defeat profile
49,Houston Dynamo vs DC United,USA MLS,USA,double_chance,Home or Draw,62,1,1,prematch,both,enriched_ensemble,2026-07-21 01:25:23,2026-07-27 15:27:18,home avoids defeat profile
48,Charlotte FC vs Atlanta United FC,USA MLS,USA,double_chance,Home or Draw,62,2,2,prematch,both,enriched_ensemble,2026-07-21 01:25:22,2026-07-27 15:27:18,home avoids defeat profile
47,Philadelphia Union vs New York Red Bulls,USA MLS,USA,double_chance,Home or Draw,62,3,1,prematch,both,enriched_ensemble,2026-07-21 01:25:21,2026-07-27 15:27:18,home avoids defeat profile
46,Inter Miami CF vs Chicago Fire,USA MLS,USA,double_chance,Home or Draw,62,3,2,prematch,both,enriched_ensemble,2026-07-21 01:25:20,2026-07-27 15:27:18,home avoids defeat profile
45,Columbus Crew vs New York City FC,USA MLS,USA,double_chance,Home or Away,62,1,2,prematch,both,enriched_ensemble,2026-07-21 01:25:19,2026-07-27 15:27:18,draw risk is low from model and database
43,Independiente Medellin vs CR Vasco da Gama RJ,International Clubs CONMEBOL Sudamericana,International Clubs,double_chance,Home or Draw,58,2,2,prematch,both,enriched_ensemble,2026-07-21 01:25:17,2026-07-27 15:27:17,home avoids defeat profile
42,FK Zeleznicar Pancevo vs Braga,International Clubs UEFA Conference League,International Clubs,double_chance,Away or Draw,62,0,1,prematch,both,enriched_ensemble,2026-07-21 01:25:17,2026-07-27 15:27:17,away avoids defeat profile
41,Spartak Trnava vs FC CSKA 1948,International Clubs UEFA Conference League,International Clubs,double_chance,Away or Draw,57,0,0,prematch,both,enriched_ensemble,2026-07-21 01:25:16,2026-07-27 15:27:17,away avoids defeat profile
40,FK Vardar Skopje vs Riga FC,International Clubs UEFA Conference League,International Clubs,match_result,Away Win,62,2,3,prematch,both,enriched_ensemble,2026-07-21 01:25:16,2026-07-27 15:27:17,ensemble away-win probability clears draw and home by threshold
37,Chapecoense SC vs CR Flamengo RJ,Brazil Brasileiro Serie A,Brazil,match_result,Away Win,62,0,4,prematch,both,enriched_ensemble,2026-07-21 01:25:13,2026-07-27 15:27:17,ensemble away-win probability clears draw and home by threshold
35,KF Egnatia Rrogozhine vs NK Celje,International Clubs UEFA Champions League,International Clubs,double_chance,Away or Draw,60,3,3,prematch,both,enriched_ensemble,2026-07-21 01:25:12,2026-07-27 15:27:17,away avoids defeat profile
34,PFC Levski Sofia vs CS Universitatea Craiova,International Clubs UEFA Champions League,International Clubs,double_chance,Home or Draw,58,1,0,prematch,both,enriched_ensemble,2026-07-21 01:25:12,2026-07-27 15:27:17,home avoids defeat profile
36,Coritiba FC PR vs SE Palmeiras SP,Brazil Brasileiro Serie A,Brazil,double_chance,Away or Draw,62,1,3,prematch,both,enriched_ensemble,2026-07-21 01:25:12,2026-07-27 15:27:16,away avoids defeat profile
33,AC Omonia Nicosia vs FC Kairat Almaty,International Clubs UEFA Champions League,International Clubs,double_chance,Home or Draw,60,1,0,prematch,both,enriched_ensemble,2026-07-21 01:25:11,2026-07-27 15:27:16,home avoids defeat profile
26,Sporting Cristal vs Red Bull Bragantino SP,International Clubs CONMEBOL Sudamericana,International Clubs,double_chance,Home or Draw,62,0,0,prematch,both,enriched_ensemble,2026-07-21 01:14:02,2026-07-27 15:27:16,home avoids defeat profile
414,Veraguas United FC vs CA Independiente de La Chorrera,Panama Liga Panamena,Panama,double_chance,Away or Draw,74,1,1,prematch,both,enriched_ensemble,2026-07-27 05:13:27,2026-07-27 05:17:37,away avoids defeat profile
410,Veraguas United FC vs CA Independiente de La Chorrera,Panama Liga Panamena,Panama,double_chance,Away or Draw,74,1,1,prematch,both,enriched_ensemble,2026-07-26 19:38:41,2026-07-27 05:17:37,away avoids defeat profile
413,CD Tapatio vs Cruz Azul Hidalgo,Mexico Liga de Expansion MX,Mexico,double_chance,Away or Draw,74,0,0,prematch,both,enriched_ensemble,2026-07-27 05:12:49,2026-07-27 05:17:31,away avoids defeat profile
407,CD Tapatio vs Cruz Azul Hidalgo,Mexico Liga de Expansion MX,Mexico,double_chance,Away or Draw,74,0,0,prematch,both,enriched_ensemble,2026-07-26 19:19:43,2026-07-27 05:17:31,away avoids defeat profile
406,Houston Dynamo 2 vs Austin FC II,USA MLS Next Pro,USA,double_chance,Home or Away,74,6,5,prematch,both,enriched_ensemble,2026-07-26 19:06:19,2026-07-27 05:17:30,draw risk is low from model and database
405,FC Cincinnati 2 vs New England Revolution II,USA MLS Next Pro,USA,double_chance,Home or Away,74,6,3,prematch,both,enriched_ensemble,2026-07-26 18:57:32,2026-07-27 05:17:30,draw risk is low from model and database
403,Miramar Misiones vs La Luz FC,Uruguay Segunda Division,Uruguay,double_chance,Away or Draw,74,0,1,prematch,both,enriched_ensemble,2026-07-26 18:55:02,2026-07-27 05:17:30,away avoids defeat profile
397,Orense SC vs CSD Independiente del Valle,Ecuador LigaPro Primera A,Ecuador,double_chance,Away or Draw,74,2,3,prematch,both,enriched_ensemble,2026-07-26 18:37:36,2026-07-27 05:17:26,away avoids defeat profile
396,Comerciantes Unidos vs Alianza Lima,Peru Liga 1,Peru,double_chance,Away or Draw,74,2,2,prematch,both,enriched_ensemble,2026-07-26 18:37:03,2026-07-27 05:17:25,away avoids defeat profile
394,CD Imperial Unido vs Comunal Cabrero,Chile Tercera Division,Chile,double_chance,Away or Draw,74,1,1,prematch,both,enriched_ensemble,2026-07-26 18:33:56,2026-07-26 22:11:17,away avoids defeat profile
393,Asociacion Deportivo Pasto vs Once Caldas Sa,Colombia Liga Femenina,Colombia,double_chance,Home or Draw,74,4,1,prematch,both,enriched_ensemble,2026-07-26 18:33:35,2026-07-26 22:01:26,home avoids defeat profile
391,ABC FC RN vs Luverdense EC MT,Brazil Brasileiro Serie D,Brazil,double_chance,Home or Draw,74,4,1,prematch,both,enriched_ensemble,2026-07-26 18:29:02,2026-07-26 22:01:26,home avoids defeat profile
411,SR Reykjavik vs Skallagrimur,Iceland Fifth Division,Iceland,double_chance,Away or Draw,74,1,2,prematch,both,enriched_ensemble,2026-07-26 20:03:42,2026-07-26 22:01:23,away avoids defeat profile
390,CD Godoy Cruz vs Central Norte Salta,Argentina Primera Nacional,Argentina,double_chance,Home or Draw,74,2,1,prematch,both,enriched_ensemble,2026-07-26 18:26:24,2026-07-26 21:36:21,home avoids defeat profile
389,IA Akranes vs Stjarnan Gardabae,Iceland Besta deild,Iceland,double_chance,Home or Away,74,5,1,prematch,both,enriched_ensemble,2026-07-26 18:23:52,2026-07-26 21:26:35,draw risk is low from model and database
385,Sao Bernardo FC vs Ceara SC CE,Brazil Brasileiro Serie B,Brazil,double_chance,Away or Draw,74,3,4,prematch,both,enriched_ensemble,2026-07-26 16:58:33,2026-07-26 21:06:41,away avoids defeat profile
399,Internacional de Bogota. vs America de Cali,Colombia Liga DIMAYOR,Colombia,double_chance,Away or Draw,74,0,2,prematch,both,enriched_ensemble,2026-07-26 18:53:08,2026-07-26 21:01:41,away avoids defeat profile
387,Mitre Santiago del Estero vs Club Almirante Brown,Argentina Primera Nacional,Argentina,double_chance,Away or Draw,74,0,0,prematch,both,enriched_ensemble,2026-07-26 18:11:12,2026-07-26 21:01:37,away avoids defeat profile
383,FK Mladost Lucani vs FK Novi Pazar,Serbia Superliga,Serbia,double_chance,Away or Draw,74,0,0,prematch,both,enriched_ensemble,2026-07-26 16:19:12,2026-07-26 20:44:27,away avoids defeat profile
381,Delfin SC vs Leones Futbol Club,Ecuador LigaPro Primera A,Ecuador,double_chance,Away or Draw,74,0,1,prematch,both,enriched_ensemble,2026-07-26 16:17:54,2026-07-26 20:23:42,away avoids defeat profile
377,Independiente de Chivilcoy vs Sportivo Las Parejas,Argentina Torneo Federal A,Argentina,double_chance,Away or Draw,74,1,1,prematch,both,enriched_ensemble,2026-07-26 15:18:47,2026-07-26 20:12:37,away avoids defeat profile
376,Gimnasia Y Esgrima vs CA Linqueno,Argentina Torneo Federal A,Argentina,double_chance,Away or Draw,74,0,1,prematch,both,enriched_ensemble,2026-07-26 15:16:08,2026-07-26 20:12:37,away avoids defeat profile
378,CSCD Laferrere vs CA Talleres de Remedios,Argentina Primera B,Argentina,double_chance,Away or Draw,74,0,2,prematch,both,enriched_ensemble,2026-07-26 15:21:13,2026-07-26 20:12:32,away avoids defeat profile
386,Deportivo Metalurgico vs Estrella de Berisso,Argentina Torneo Regional Federal Amateur,Argentina,double_chance,Home or Draw,74,1,0,prematch,both,enriched_ensemble,2026-07-26 18:04:06,2026-07-26 20:12:30,home avoids defeat profile
374,FC Real Sireti vs Petrocub Hincesti,Moldova Super Liga,Moldova,double_chance,Away or Draw,74,0,0,prematch,both,enriched_ensemble,2026-07-26 14:33:31,2026-07-26 19:12:49,away avoids defeat profile
373,MFk Dukla Banska Bystrica vs Slovan Bratislava,Slovakia Superliga,Slovakia,double_chance,Away or Draw,74,0,4,prematch,both,enriched_ensemble,2026-07-26 14:23:20,2026-07-26 19:12:45,away avoids defeat profile
371,CSD Rangers vs Deportes Copiapo,Chile Primera B,Chile,double_chance,Away or Draw,69,0,0,prematch,both,enriched_ensemble,2026-07-26 14:15:51,2026-07-26 18:38:01,away avoids defeat profile
333,FC Orenburg vs FK Rostov,Russia Premier League,Russia,double_chance,Home or Draw,74,2,1,prematch,both,enriched_ensemble,2026-07-26 07:51:41,2026-07-26 18:38:01,home avoids defeat profile
369,Narpes Kraft vs FC Vaajakoski,Finland Kakkonen,Finland,double_chance,Home or Away,74,2,3,prematch,both,enriched_ensemble,2026-07-26 14:03:40,2026-07-26 17:37:21,draw risk is low from model and database
368,FS Jelgava vs FK Liepaja,Latvia Virsliga,Latvia,double_chance,Away or Draw,74,0,2,prematch,both,enriched_ensemble,2026-07-26 14:01:03,2026-07-26 17:37:21,away avoids defeat profile
365,Necaxa U21 vs CF Monterrey U21,Mexico U21 Liga MX,Mexico,double_chance,Home or Away,74,0,3,prematch,both,enriched_ensemble,2026-07-26 12:44:15,2026-07-26 17:10:59,draw risk is low from model and database
366,Bedrichov vs AFC Humpolec,Czechia Czech Cup,Czechia,double_chance,Away or Draw,74,1,3,prematch,both,enriched_ensemble,2026-07-26 12:48:13,2026-07-26 17:10:57,away avoids defeat profile
361,MSK Zilina vs FK Kosice,Slovakia Superliga,Slovakia,double_chance,Away or Draw,74,4,4,prematch,both,enriched_ensemble,2026-07-26 12:21:15,2026-07-26 17:10:56,away avoids defeat profile
360,MFK Ruzomberok vs DAC 1904 Dunajska Streda,Slovakia Superliga,Slovakia,double_chance,Away or Draw,74,1,1,prematch,both,enriched_ensemble,2026-07-26 12:20:52,2026-07-26 17:10:56,away avoids defeat profile
363,FC Bunyodkor vs Pakhtakor,Uzbekistan Superliga,Uzbekistan,double_chance,Away or Draw,74,0,1,prematch,both,enriched_ensemble,2026-07-26 12:38:13,2026-07-26 17:10:55,away avoids defeat profile
358,FC Hunters vs Herentals FC,Zimbabwe Premier Soccer League,Zimbabwe,double_chance,Away or Draw,74,0,1,prematch,both,enriched_ensemble,2026-07-26 11:11:51,2026-07-26 15:12:41,away avoids defeat profile
357,EC Santo Andre SP vs AD Sao Caetano SP,Brazil Copa Paulista,Brazil,double_chance,Home or Draw,70,0,0,prematch,both,enriched_ensemble,2026-07-26 11:11:29,2026-07-26 15:12:41,home avoids defeat profile
354,Leningradets vs FK Ural Yekaterinburg,Russia 1. Liga,Russia,double_chance,Away or Draw,74,0,0,prematch,both,enriched_ensemble,2026-07-26 11:06:40,2026-07-26 15:12:41,away avoids defeat profile
355,CA Juventus SP vs Paulista FC SP,Brazil Copa Paulista,Brazil,double_chance,Home or Draw,74,3,1,prematch,both,enriched_ensemble,2026-07-26 11:07:48,2026-07-26 15:12:40,home avoids defeat profile
352,FC Banik Ostrava B vs FC Vlasim,Czechia FNL,Czechia,double_chance,Away or Draw,74,2,2,prematch,both,enriched_ensemble,2026-07-26 10:38:46,2026-07-26 14:30:21,away avoids defeat profile
351,SK Brann vs Vaalerenga IF,Norway Eliteserien,Norway,double_chance,Home or Away,74,2,3,prematch,both,enriched_ensemble,2026-07-26 10:37:26,2026-07-26 14:30:20,draw risk is low from model and database
353,Saku Sporting vs Tallinna JK Legion,Estonia Cup,Estonia,double_chance,Home or Away,74,2,1,prematch,both,enriched_ensemble,2026-07-26 10:45:39,2026-07-26 14:12:41,draw risk is low from model and database
347,Hobro IK vs Aarhus Fremad,Denmark 1. Division,Denmark,double_chance,Away or Draw,74,1,2,prematch,both,enriched_ensemble,2026-07-26 10:17:55,2026-07-26 14:12:40,away avoids defeat profile
346,SonderjyskE vs FC Midtjylland,Denmark Superliga,Denmark,double_chance,Away or Draw,74,2,3,prematch,both,enriched_ensemble,2026-07-26 10:17:22,2026-07-26 14:12:40,away avoids defeat profile
345,Young Boys Bern vs FC Sion,Switzerland Super League,Switzerland,double_chance,Home or Away,74,4,2,prematch,both,enriched_ensemble,2026-07-26 10:16:56,2026-07-26 14:12:40,draw risk is low from model and database
350,Os vs Varegg,"Norway 3. Division, Group 3",Norway,double_chance,Home or Away,74,4,0,prematch,both,enriched_ensemble,2026-07-26 10:28:29,2026-07-26 14:12:39,draw risk is low from model and database
344,IK Sirius vs IFK Goteborg,Sweden Allsvenskan,Sweden,double_chance,Home or Away,74,4,1,prematch,both,enriched_ensemble,2026-07-26 10:13:25,2026-07-26 14:12:39,draw risk is low from model and database
348,Peerless SC vs United Sports Club,India Calcutta Premier Div.,India,double_chance,Away or Draw,74,0,1,live,both,enriched_ensemble,2026-07-26 10:20:26,2026-07-26 12:28:59,away avoids defeat profile
340,FC Dribin vs FC Drut 2,Belarus Vtoraya Liga,Belarus,double_chance,Away or Draw,74,0,3,live,both,enriched_ensemble,2026-07-26 09:04:15,2026-07-26 11:08:29,away avoids defeat profile
341,Edo All United vs Toin University of Yokohama,Japan Regional Football Leagues,Japan,live_total_goals,Over 0.5 live,68,2,0,live,both,enriched_ensemble,2026-07-26 09:10:12,2026-07-26 11:08:28,same live goal window maps to the current over line
337,PSMS Medan vs Port FC,Indonesia Piala Presiden,Indonesia,double_chance,Away or Draw,74,0,2,prematch,both,enriched_ensemble,2026-07-26 08:26:16,2026-07-26 10:35:16,away avoids defeat profile
330,Bulls FC Academy U23 vs Gladesville Ravens,"Australia U23 NSW NPL, Women",Australia,double_chance,Away or Draw,73,0,2,live,both,enriched_ensemble,2026-07-26 07:48:41,2026-07-26 09:15:44,away avoids defeat profile
329,Hyundai Ntc vs Sorrento FC,"Australia Western Australia NPL, Women",Australia,double_chance,Home or Away,74,4,1,live,both,enriched_ensemble,2026-07-26 07:48:23,2026-07-26 09:03:54,draw risk is low from model and database
328,Blacktown Spartans FC vs Newcastle Jet,"Australia NSW League One, Women",Australia,double_chance,Away or Draw,79,0,1,live,both,enriched_ensemble,2026-07-26 07:48:04,2026-07-26 09:03:54,away avoids defeat profile
327,St George FC vs Sutherland Strikers,"Australia NSW League One, Women",Australia,double_chance,Home or Away,74,1,3,live,both,enriched_ensemble,2026-07-26 07:43:12,2026-07-26 08:46:30,draw risk is low from model and database
321,Heidelberg United FC vs Caroline Springs George Cross FC,Australia U23 Victoria NPL,Australia,double_chance,Away or Draw,74,0,0,prematch,both,enriched_ensemble,2026-07-25 23:21:35,2026-07-26 07:36:44,away avoids defeat profile
317,Preston Lions FC vs Bentleigh Greens SC,Australia U23 Victoria NPL,Australia,double_chance,Home or Away,74,3,2,prematch,both,enriched_ensemble,2026-07-25 21:55:44,2026-07-26 07:36:40,draw risk is low from model and database
316,Sporting FC vs Liga Deportiva Alajuelense,Costa Rica Primera Division,Costa Rica,double_chance,Away or Draw,74,1,1,prematch,both,enriched_ensemble,2026-07-25 21:25:42,2026-07-26 07:36:39,away avoids defeat profile
315,CD Inca vs Alianza FC San Salvador,El Salvador Primera Division,El Salvador,double_chance,Away or Draw,74,1,3,prematch,both,enriched_ensemble,2026-07-25 21:09:08,2026-07-26 07:36:37,away avoids defeat profile
311,Club Santos Laguna vs Atlas FC,Mexico Liga MX,Mexico,double_chance,Away or Draw,74,0,1,prematch,both,enriched_ensemble,2026-07-25 20:50:28,2026-07-26 07:36:33,away avoids defeat profile
310,Spokane Velocity FC vs Fort Wayne FC,USA USL League One,USA,double_chance,Home or Away,74,3,1,prematch,both,enriched_ensemble,2026-07-25 20:37:27,2026-07-26 07:36:30,draw risk is low from model and database
309,Deportivo Toluca FC vs CF Cruz Azul,Mexico Trofeo de Campeon de Campeones,Mexico,double_chance,Away or Draw,74,1,3,prematch,both,enriched_ensemble,2026-07-25 20:31:39,2026-07-26 07:36:29,away avoids defeat profile; reduced for side-signal conflict
326,Tlaxcala FC vs Leones Negros UDEG,Mexico Liga de Expansion MX,Mexico,double_chance,Away or Draw,73,2,4,live,both,enriched_ensemble,2026-07-26 07:34:44,2026-07-26 07:36:26,away avoids defeat profile
323,Tlaxcala FC vs Leones Negros UDEG,Mexico Liga de Expansion MX,Mexico,double_chance,Away or Draw,73,2,4,live,both,enriched_ensemble,2026-07-25 23:28:58,2026-07-26 07:36:26,away avoids defeat profile
301,SV Britannia vs Weymouth Wales FC,International Clubs CFU Club Shield,International Clubs,double_chance,Away or Draw,75,4,5,prematch,both,enriched_ensemble,2026-07-25 20:01:21,2026-07-25 22:19:11,away avoids defeat profile
248,Resende FC RJ vs Americano FC RJ,"Brazil Carioca, Serie A2",Brazil,double_chance,Home or Draw,70,1,0,prematch,both,enriched_ensemble,2026-07-25 16:31:45,2026-07-25 22:07:34,home avoids defeat profile
287,CD Universidad Cesar Vallejo vs Union Comercio,Peru Liga 2,Peru,double_chance,Away or Draw,74,0,0,prematch,both,enriched_ensemble,2026-07-25 18:47:41,2026-07-25 22:07:32,away avoids defeat profile
285,Academia Puerto Cabello B vs Barquisimeto SC,Venezuela Segunda Division,Venezuela,double_chance,Away or Draw,74,2,2,prematch,both,enriched_ensemble,2026-07-25 18:38:12,2026-07-25 21:42:06,away avoids defeat profile
284,Iguatu CE vs Nacional FC AM,Brazil Brasileiro Serie D,Brazil,double_chance,Away or Draw,74,5,6,prematch,both,enriched_ensemble,2026-07-25 18:37:04,2026-07-25 21:42:05,away avoids defeat profile
282,Atletico de Rafaela vs Nueva Chicago,Argentina Primera Nacional,Argentina,double_chance,Home or Draw,67,1,0,prematch,both,enriched_ensemble,2026-07-25 18:27:20,2026-07-25 21:03:15,home avoids defeat profile
294,EC Tupy ES vs Estrela Do Norte FC ES,"Brazil Capixaba, Serie B",Brazil,double_chance,Away or Draw,74,0,1,live,both,enriched_ensemble,2026-07-25 19:08:41,2026-07-25 21:03:13,away avoids defeat profile
283,Deportivo San Pedro vs CSD Xelaju MC,Guatemala Liga Nacional,Guatemala,double_chance,Home or Draw,67,1,0,prematch,both,enriched_ensemble,2026-07-25 18:27:50,2026-07-25 21:03:12,home avoids defeat profile
292,Acao Futebol MT vs Perolas Negras RJ,"Brazil Brasileiro Serie A2, Women",Brazil,double_chance,Home or Draw,70,0,0,live,both,enriched_ensemble,2026-07-25 19:08:05,2026-07-25 21:03:11,home avoids defeat profile
281,Curico Unido vs San Luis de Quillota,Chile Primera B,Chile,double_chance,Away or Draw,74,1,2,prematch,both,enriched_ensemble,2026-07-25 18:27:03,2026-07-25 21:03:11,away avoids defeat profile
280,Sligo Rovers FC vs Drogheda United FC,Ireland Premier Division,Ireland,double_chance,Home or Draw,70,2,2,prematch,both,enriched_ensemble,2026-07-25 18:26:48,2026-07-25 20:55:32,home avoids defeat profile
278,Longford Town FC vs Wexford FC,Ireland First Division,Ireland,double_chance,Away or Draw,74,1,2,prematch,both,enriched_ensemble,2026-07-25 18:26:01,2026-07-25 20:41:59,away avoids defeat profile
275,FC Lokomotiv 1929 Sofia vs PFC Levski Sofia,Bulgaria Parva Liga,Bulgaria,double_chance,Away or Draw,74,1,2,prematch,both,enriched_ensemble,2026-07-25 18:09:07,2026-07-25 20:22:26,away avoids defeat profile
263,Leones de Rosario FC vs CA Central Cordoba Rosario,Argentina Primera C,Argentina,double_chance,Away or Draw,74,0,2,prematch,both,enriched_ensemble,2026-07-25 17:34:01,2026-07-25 20:12:11,away avoids defeat profile
286,Fluminense de Feira FC BA vs EC Bahia BA,Brazil U20 Baiano,Brazil,double_chance,Away or Draw,79,0,8,live,both,enriched_ensemble,2026-07-25 18:41:38,2026-07-25 20:12:08,away avoids defeat profile
273,Estoril Praia vs SCU Torreense,International Clubs Club Friendly Games,International Clubs,double_chance,Away or Draw,69,0,0,live,both,enriched_ensemble,2026-07-25 18:04:32,2026-07-25 20:12:07,away avoids defeat profile
251,CAS Defensores de Belgrano vs Gimnasia de Chivilcoy,Argentina Torneo Federal A,Argentina,double_chance,Away or Draw,74,2,2,prematch,both,enriched_ensemble,2026-07-25 16:32:24,2026-07-25 20:12:07,away avoids defeat profile
277,Cadiz vs Cordoba CF,International Clubs Club Friendly Games,International Clubs,double_chance,Away or Draw,69,0,1,live,both,enriched_ensemble,2026-07-25 18:17:07,2026-07-25 20:12:06,away avoids defeat profile
258,OFK Beograd vs FK Radnik Surdulica,Serbia Superliga,Serbia,double_chance,Away or Draw,74,0,0,prematch,both,enriched_ensemble,2026-07-25 17:25:38,2026-07-25 20:12:04,away avoids defeat profile
270,Nacao SC vs Hercilio Luz FC SC,"Brazil Catarinense, Serie B",Brazil,double_chance,Away or Draw,74,1,2,prematch,both,enriched_ensemble,2026-07-25 17:54:19,2026-07-25 20:12:01,away avoids defeat profile
262,CA Victoriano Arenas vs Justo Jose de Urquiza,Argentina Primera C,Argentina,double_chance,Home or Draw,70,0,0,prematch,both,enriched_ensemble,2026-07-25 17:33:44,2026-07-25 20:12:00,home avoids defeat profile
260,CA Atlas vs CSDC Espanol,Argentina Primera C,Argentina,double_chance,Away or Draw,74,0,1,prematch,both,enriched_ensemble,2026-07-25 17:33:06,2026-07-25 20:12:00,away avoids defeat profile
244,Minas Brasilia DF vs Ceara SC CE,"Brazil Brasileiro Serie A2, Women",Brazil,double_chance,Home or Away,74,4,0,prematch,both,enriched_ensemble,2026-07-25 15:52:50,2026-07-25 20:12:00,draw risk is low from model and database
256,CA Defensores Unidos vs CD UAI Urquiza,Argentina Primera B,Argentina,double_chance,Home or Draw,67,1,1,prematch,both,enriched_ensemble,2026-07-25 17:16:27,2026-07-25 20:11:57,home avoids defeat profile
276,Deportivo Camioneros vs CSD San Martin,Argentina Primera B,Argentina,double_chance,Home or Draw,70,2,0,live,both,enriched_ensemble,2026-07-25 18:14:53,2026-07-25 20:11:56,home avoids defeat profile
257,Club Comunicaciones vs Real Pilar FC,Argentina Primera B,Argentina,double_chance,Away or Draw,74,1,2,prematch,both,enriched_ensemble,2026-07-25 17:17:09,2026-07-25 20:11:56,away avoids defeat profile
259,CA Estudiantes vs Ciudad de Bolivar,Argentina Primera Nacional,Argentina,double_chance,Away or Draw,74,1,2,prematch,both,enriched_ensemble,2026-07-25 17:25:56,2026-07-25 20:11:54,away avoids defeat profile; reduced for side-signal conflict
272,Cristobal Colon JAS vs Club Olimpia de Ita,Paraguay Primera Division B (APF),Paraguay,double_chance,Away or Draw,74,0,2,live,both,enriched_ensemble,2026-07-25 18:03:54,2026-07-25 20:11:53,away avoids defeat profile
271,3 de Febrero FBC vs 24 de Setiembre,Paraguay Primera Division B (APF),Paraguay,double_chance,Away or Draw,74,2,2,prematch,both,enriched_ensemble,2026-07-25 18:01:09,2026-07-25 20:11:53,away avoids defeat profile
266,Real Oviedo vs RC Deportivo De La Coruna,International Clubs Club Friendly Games,International Clubs,double_chance,Away or Draw,65,0,0,live,both,enriched_ensemble,2026-07-25 17:37:46,2026-07-25 19:38:06,away avoids defeat profile
265,Las Palmas vs Al-Ittihad Club,International Clubs Club Friendly Games,International Clubs,double_chance,Away or Draw,70,1,2,live,both,enriched_ensemble,2026-07-25 17:37:29,2026-07-25 19:02:36,away avoids defeat profile
254,CD Lugo vs RC Celta Fortuna,International Clubs Club Friendly Games,International Clubs,live_total_goals,Over 0.5 live,55,1,1,live,both,enriched_ensemble,2026-07-25 17:09:15,2026-07-25 19:02:36,same live goal window maps to the current over line
264,Real Murcia CF vs Port Vale,International Clubs Club Friendly Games,International Clubs,double_chance,Home or Draw,66,1,0,live,both,enriched_ensemble,2026-07-25 17:36:55,2026-07-25 19:02:35,home avoids defeat profile
253,Athletic Bilbao vs Eibar,International Clubs Club Friendly Games,International Clubs,double_chance,Away or Draw,67,2,2,live,both,enriched_ensemble,2026-07-25 17:08:58,2026-07-25 19:02:35,away avoids defeat profile
236,Bvsc-Zuglo vs Kazincbarcikai SC,Hungary NB II,Hungary,double_chance,Away or Draw,74,0,0,prematch,both,enriched_ensemble,2026-07-25 15:24:22,2026-07-25 19:02:34,away avoids defeat profile
240,Gorna Oryahovitsa vs PFC Chernomorets Burgas,Bulgaria Vtora Liga,Bulgaria,double_chance,Away or Draw,74,1,1,prematch,both,enriched_ensemble,2026-07-25 15:36:33,2026-07-25 19:02:32,away avoids defeat profile
233,SK Treibach vs Kapfenberger SV,Austria OFB Cup,Austria,double_chance,Away or Draw,74,1,4,prematch,both,enriched_ensemble,2026-07-25 15:14:40,2026-07-25 19:02:30,away avoids defeat profile
232,Rotor II Volgograd vs Zenit Penza,"Russia 2. Liga, Division B, Group 3",Russia,double_chance,Away or Draw,74,0,1,prematch,both,enriched_ensemble,2026-07-25 15:14:19,2026-07-25 18:50:40,away avoids defeat profile
239,Athlone Town FC vs Czarni Sosnowiec,International Clubs UEFA Champions League Women,International Clubs,double_chance,Away or Draw,74,1,3,prematch,both,enriched_ensemble,2026-07-25 15:36:04,2026-07-25 18:24:14,away avoids defeat profile
246,Clermont Foot vs Montpellier,International Clubs Club Friendly Games,International Clubs,double_chance,Away or Draw,74,0,1,live,both,enriched_ensemble,2026-07-25 16:03:22,2026-07-25 18:24:13,away avoids defeat profile
247,Wolves vs Real Sociedad,International Clubs Club Friendly Games,International Clubs,double_chance,Away or Draw,74,1,2,live,both,enriched_ensemble,2026-07-25 16:03:46,2026-07-25 18:24:11,away avoids defeat profile
217,VfB Hohenems vs FC Hertha Wels,Austria OFB Cup,Austria,double_chance,Away or Draw,68,1,2,prematch,both,enriched_ensemble,2026-07-25 14:38:29,2026-07-25 18:24:10,away avoids defeat profile
245,CDU San Martin vs Carlos Mannucci,Peru Liga 2,Peru,live_total_goals,Over 0.5 live,68,2,0,live,both,enriched_ensemble,2026-07-25 16:03:13,2026-07-25 18:24:07,same live goal window maps to the current over line
219,AS Trencin vs KFC Komarno,Slovakia Superliga,Slovakia,double_chance,Away or Draw,68,1,1,prematch,both,enriched_ensemble,2026-07-25 14:44:48,2026-07-25 18:24:05,away avoids defeat profile
226,KF Fjallabyggd vs Reynir Sandgerdi,Iceland 3. deild,Iceland,double_chance,Away or Draw,68,0,3,prematch,both,enriched_ensemble,2026-07-25 15:02:50,2026-07-25 18:24:02,away avoids defeat profile
208,Debreceni VSC II vs Hajdunanas FK,Hungary NB III,Hungary,double_chance,Home or Away,68,5,2,prematch,both,enriched_ensemble,2026-07-25 14:12:15,2026-07-25 17:42:22,draw risk is low from model and database
200,FC Fakel Voronezh vs FC Dynamo-Makhachkala,Russia Premier League,Russia,double_chance,Away or Draw,68,1,2,prematch,both,enriched_ensemble,2026-07-25 13:36:10,2026-07-25 17:42:21,away avoids defeat profile
204,OFK Banik Lehota Pod Vtacnikom vs FK Pohronie Ziar Nad Hronom Dolna Zdana,Slovakia 2. Liga,Slovakia,double_chance,Away or Draw,68,3,3,prematch,both,enriched_ensemble,2026-07-25 13:36:46,2026-07-25 17:03:54,away avoids defeat profile
202,MFk Bytca vs MFK Tatran Liptovsky Mikulas,Slovakia 2. Liga,Slovakia,double_chance,Home or Away,68,0,5,prematch,both,enriched_ensemble,2026-07-25 13:36:33,2026-07-25 17:03:54,draw risk is low from model and database
199,SR Donaufeld vs Grazer AK 1902,Austria OFB Cup,Austria,double_chance,Home or Away,68,0,4,prematch,both,enriched_ensemble,2026-07-25 13:31:24,2026-07-25 17:03:52,draw risk is low from model and database
205,FC Druzhba Maykop vs FC Sevastopol,"Russia 2. Liga, Division B, Group 1",Russia,double_chance,Away or Draw,68,1,3,prematch,both,enriched_ensemble,2026-07-25 13:46:45,2026-07-25 17:03:50,away avoids defeat profile
201,PK-35 Helsinki vs JIPPO,Finland Ykkosliiga,Finland,double_chance,Away or Draw,68,1,1,prematch,both,enriched_ensemble,2026-07-25 13:36:17,2026-07-25 17:03:48,away avoids defeat profile
241,FK Borac Cacak vs RFK Graficar Beograd,International Clubs Club Friendly Games,International Clubs,double_chance,Home or Draw,69,3,0,live,both,enriched_ensemble,2026-07-25 15:40:34,2026-07-25 16:54:02,home avoids defeat profile
206,Bfso Dinamo vs Urozhaynaya,Belarus Vtoraya Liga,Belarus,double_chance,Home or Away,68,1,3,live,both,enriched_ensemble,2026-07-25 14:09:39,2026-07-25 16:24:34,draw risk is low from model and database
197,CA Independiente vs CA Banfield,"Argentina Primera Division, Women",Argentina,double_chance,Away or Draw,68,0,3,prematch,both,enriched_ensemble,2026-07-25 13:23:11,2026-07-25 16:05:27,away avoids defeat profile
196,FC Chelyabinsk vs FC Pari Nizhny Novgorod,Russia 1. Liga,Russia,double_chance,Away or Draw,68,1,2,prematch,both,enriched_ensemble,2026-07-25 13:18:38,2026-07-25 16:05:24,away avoids defeat profile
227,Shrewsbury Town vs West Bromwich Albion,International Clubs Club Friendly Games,International Clubs,live_match_winner,West Bromwich Albion live winner,68,1,4,live,both,enriched_ensemble,2026-07-25 15:04:34,2026-07-25 16:05:23,away side leads; prematch model and live pressure are included
224,Queens Park Rangers vs Fiorentina,International Clubs Club Friendly Games,International Clubs,live_match_winner,Queens Park Rangers live winner,68,3,2,live,both,enriched_ensemble,2026-07-25 14:57:50,2026-07-25 16:05:22,home side leads; prematch model and live pressure are included
223,Oxford City vs Walton and Hersham FC,International Clubs Club Friendly Games,International Clubs,double_chance,Away or Draw,68,1,2,live,both,enriched_ensemble,2026-07-25 14:57:40,2026-07-25 16:05:21,away avoids defeat profile
211,Bolton Wanderers vs Everton,International Clubs Club Friendly Games,International Clubs,double_chance,Away or Draw,68,0,0,live,both,enriched_ensemble,2026-07-25 14:25:33,2026-07-25 16:05:21,away avoids defeat profile
228,Truro City vs Plymouth Argyle,International Clubs Club Friendly Games,International Clubs,double_chance,Away or Draw,68,0,1,live,both,enriched_ensemble,2026-07-25 15:04:43,2026-07-25 16:05:20,away avoids defeat profile
210,Celtic vs AC Milan,International Clubs Club Friendly Games,International Clubs,live_total_goals,Over 1.5 live,60,2,2,live,both,enriched_ensemble,2026-07-25 14:25:25,2026-07-25 16:05:20,same live goal window maps to the current over line
231,Woking FC vs Reading FC,International Clubs Club Friendly Games,International Clubs,double_chance,Away or Draw,64,0,2,live,both,enriched_ensemble,2026-07-25 15:11:11,2026-07-25 16:05:19,away avoids defeat profile
222,Forest Green Rovers vs Cardiff City,International Clubs Club Friendly Games,International Clubs,double_chance,Away or Draw,68,1,5,live,both,enriched_ensemble,2026-07-25 14:51:35,2026-07-25 16:05:18,away avoids defeat profile
192,Kristiansund BK vs IK Start,Norway Eliteserien,Norway,double_chance,Away or Draw,68,1,2,prematch,both,enriched_ensemble,2026-07-25 13:07:06,2026-07-25 16:05:11,away avoids defeat profile; reduced for side-signal conflict
198,Treaty United vs Shelbourne LFC,"Ireland Premier Division, Women",Ireland,double_chance,Away or Draw,68,1,1,prematch,both,enriched_ensemble,2026-07-25 13:26:23,2026-07-25 16:05:10,away avoids defeat profile
190,IFK Mariehamn vs AC Oulu,Finland Veikkausliiga,Finland,double_chance,Away or Draw,68,1,1,prematch,both,enriched_ensemble,2026-07-25 13:06:23,2026-07-25 15:41:15,away avoids defeat profile
155,FK Akron Tolyatti vs FK Zenit Saint Petersburg,Russia Premier League,Russia,double_chance,Away or Draw,68,0,5,prematch,both,enriched_ensemble,2026-07-25 10:05:24,2026-07-25 15:22:01,away avoids defeat profile
187,Racing Beirut vs Reyady Abaseya,Lebanon Premier League,Lebanon,double_chance,Away or Draw,68,1,2,live,both,enriched_ensemble,2026-07-25 13:03:52,2026-07-25 15:06:48,away avoids defeat profile
186,Tacuary Asuncion vs Sol de America Villa Elisa,Paraguay Division Intermedia,Paraguay,double_chance,Away or Draw,68,1,1,live,both,enriched_ensemble,2026-07-25 13:02:14,2026-07-25 15:06:48,away avoids defeat profile
184,Presidente Hayes vs Atlantida SC Asuncion,Paraguay Primera Division B (APF),Paraguay,double_chance,Away or Draw,68,1,3,live,both,enriched_ensemble,2026-07-25 13:02:00,2026-07-25 15:06:48,away avoids defeat profile
182,Southern Region FC vs FC Platinum,Zimbabwe Premier Soccer League,Zimbabwe,goals,Under 2.5 goals,68,2,0,live,both,enriched_ensemble,2026-07-25 12:59:27,2026-07-25 15:06:47,goal model and finished database lean under
209,SV Meppen 1912 vs FC Schalke 04 II,International Clubs Club Friendly Games,International Clubs,double_chance,Home or Away,68,4,0,live,both,enriched_ensemble,2026-07-25 14:25:03,2026-07-25 15:06:45,draw risk is low from model and database
143,Zhetysu Taldykorgan vs FC Kyzylzhar SK,Kazakhstan Premier League,Kazakhstan,double_chance,Away or Draw,68,1,2,prematch,both,enriched_ensemble,2026-07-25 09:05:41,2026-07-25 15:06:44,away avoids defeat profile
188,Musan Salama vs Espoon Palloseura,Finland Kakkonen,Finland,double_chance,Home or Away,68,0,2,live,both,enriched_ensemble,2026-07-25 13:04:24,2026-07-25 15:06:43,draw risk is low from model and database
173,SalPa vs PK Keski-Uusimaa,Finland Ykkonen,Finland,double_chance,Home or Away,68,0,1,prematch,both,enriched_ensemble,2026-07-25 12:04:03,2026-07-25 15:06:42,draw risk is low from model and database
171,Atlantis FC vs HPS,Finland Kakkonen,Finland,goals,Both teams to score,68,5,3,prematch,both,enriched_ensemble,2026-07-25 11:49:38,2026-07-25 15:06:42,both-side scoring probability is above market threshold
170,IK Junkeren vs Lorenskog IF,Norway 2nd Division Group 2,Norway,double_chance,Home or Away,68,1,0,prematch,both,enriched_ensemble,2026-07-25 11:39:20,2026-07-25 15:06:40,draw risk is low from model and database
169,Arendal FK vs FK Vidar,Norway 2nd Division Group 1,Norway,double_chance,Home or Away,68,4,0,prematch,both,enriched_ensemble,2026-07-25 11:39:08,2026-07-25 15:06:40,draw risk is low from model and database
165,Degerfors IF vs Djurgardens IF,Sweden Allsvenskan,Sweden,double_chance,Away or Draw,68,0,1,prematch,both,enriched_ensemble,2026-07-25 11:26:06,2026-07-25 15:06:39,away avoids defeat profile
183,Club Atlético Colegiales vs 29 de Setiembre,Paraguay Primera Division B (APF),Paraguay,double_chance,Away or Draw,63,0,3,live,both,enriched_ensemble,2026-07-25 13:01:53,2026-07-25 15:06:38,away avoids defeat profile
175,FC Tallinn vs FA Tartu Kalev II,Estonia II Liiga,Estonia,double_chance,Home or Away,68,7,2,live,both,enriched_ensemble,2026-07-25 12:09:45,2026-07-25 14:59:16,draw risk is low from model and database
179,RAAL La Louviere vs Samsunspor,International Clubs Club Friendly Games,International Clubs,double_chance,Away or Draw,66,0,0,live,both,enriched_ensemble,2026-07-25 12:26:05,2026-07-25 14:18:40,away avoids defeat profile
172,Hvidovre IF vs Vendsyssel FF,Denmark 1. Division,Denmark,live_total_goals,Over 0.5 live,68,2,2,live,both,enriched_ensemble,2026-07-25 12:01:31,2026-07-25 14:03:00,same live goal window maps to the current over line
159,Levanger FK vs Ullensaker/Kisa,Norway 2nd Division Group 2,Norway,double_chance,Home or Away,68,3,0,prematch,both,enriched_ensemble,2026-07-25 10:25:07,2026-07-25 14:02:58,draw risk is low from model and database
156,Shijiazhuang Kungfu FC vs Nantong Zhiyun,China League 1,China,double_chance,Away or Draw,68,1,1,prematch,both,enriched_ensemble,2026-07-25 10:05:35,2026-07-25 13:33:42,away avoids defeat profile
152,Torpedo Miass vs FC Zenit-2 St Petersburg,"Russia 2. Liga, Division A",Russia,double_chance,Away or Draw,68,0,1,prematch,both,enriched_ensemble,2026-07-25 09:40:51,2026-07-25 13:08:57,away avoids defeat profile
162,Guangzhou Dandelion Alpha FC vs Jiangxi Dark Horse Junior,China League 2,China,goals,Under 3.5 goals,68,0,0,live,both,enriched_ensemble,2026-07-25 11:02:01,2026-07-25 13:08:54,low goal model is backed by calm recent totals and database memory
149,FK Smiltene/Bjss vs FK Rfs II,Latvia 1.Liga,Latvia,double_chance,Away or Draw,68,3,5,prematch,both,enriched_ensemble,2026-07-25 09:20:00,2026-07-25 13:08:54,away avoids defeat profile
151,IF Gnistan vs Kuopion Palloseura,"Finland Kansallinen Liiga, Women",Finland,double_chance,Home or Away,68,0,1,prematch,both,enriched_ensemble,2026-07-25 09:40:41,2026-07-25 13:08:51,draw risk is low from model and database
150,HPS vs Tampereen Ilves,"Finland Kansallinen Liiga, Women",Finland,double_chance,Home or Away,68,1,2,prematch,both,enriched_ensemble,2026-07-25 09:40:37,2026-07-25 13:08:51,draw risk is low from model and database
146,Busan IPark vs Suwon Bluewings,Republic of Korea K-League 2,Republic of Korea,double_chance,Away or Draw,68,1,4,prematch,both,enriched_ensemble,2026-07-25 09:09:53,2026-07-25 12:39:00,away avoids defeat profile
144,FC Pohang Steelers vs Jeonbuk FC,Republic of Korea K-League 1,Republic of Korea,double_chance,Away or Draw,68,0,2,prematch,both,enriched_ensemble,2026-07-25 09:05:46,2026-07-25 12:39:00,away avoids defeat profile
136,Rodina-3 Moscow vs FK Salyut Belgorod,"Russia 2. Liga, Division B, Group 3",Russia,double_chance,Away or Draw,68,1,3,prematch,both,enriched_ensemble,2026-07-25 08:17:14,2026-07-25 12:05:26,away avoids defeat profile
134,Gangneung Citizen FC vs Yeoju FC,Republic of Korea K3 League,Republic of Korea,double_chance,Away or Draw,68,1,1,prematch,both,enriched_ensemble,2026-07-25 08:11:24,2026-07-25 12:05:26,away avoids defeat profile
133,Cumberland United vs Adelaide Blue Eagles,Australia South Australia State League 1,Australia,double_chance,Home or Away,68,2,1,prematch,both,enriched_ensemble,2026-07-25 08:06:11,2026-07-25 11:36:03,draw risk is low from model and database
142,Brotherhood FC vs Red Panda FC,India S-league Premier Division,India,double_chance,Home or Away,68,2,1,live,both,sportybet_market_signal,2026-07-25 09:04:27,2026-07-25 11:36:00,draw risk is low from model and database
131,Perth Redstar FC vs Balcatta FC,"Australia Western Australia NPL, Women",Australia,double_chance,Home or Away,68,1,5,prematch,both,enriched_ensemble,2026-07-25 07:55:20,2026-07-25 11:03:24,draw risk is low from model and database
130,Pocheon Citizen FC vs Daejeon Korail FC,Republic of Korea K3 League,Republic of Korea,double_chance,Away or Draw,68,1,1,prematch,both,enriched_ensemble,2026-07-25 07:46:11,2026-07-25 11:03:24,away avoids defeat profile
148,SD Raiders FC vs Marconi Stallions FC,Australia U20 NSW NPL,Australia,double_chance,Away or Draw,68,1,2,live,both,enriched_ensemble,2026-07-25 09:16:42,2026-07-25 11:03:21,away avoids defeat profile
129,FK Blansko vs FC PBS Velka Bites,Czechia Czech Cup,Czechia,double_chance,Away or Draw,68,1,2,prematch,both,enriched_ensemble,2026-07-25 07:46:03,2026-07-25 10:45:49,away avoids defeat profile
139,Girona vs Alaves,International Clubs Club Friendly Games,International Clubs,double_chance,Away or Draw,68,0,1,live,both,enriched_ensemble,2026-07-25 08:42:07,2026-07-25 10:32:36,away avoids defeat profile
137,Espanyol vs CE Sabadell FC,International Clubs Club Friendly Games,International Clubs,double_chance,Away or Draw,74,1,1,live,both,enriched_ensemble,2026-07-25 08:32:53,2026-07-25 10:32:35,away avoids defeat profile
138,FC Hlinsko vs Tj Jiskra Usti Nad Orlici,International Clubs Club Friendly Games,International Clubs,double_chance,Away or Draw,68,2,4,live,both,enriched_ensemble,2026-07-25 08:36:04,2026-07-25 10:15:18,away avoids defeat profile
132,NK Radnik Krizevci vs NK Jarun Zagreb,International Clubs Club Friendly Games,International Clubs,double_chance,Away or Draw,68,1,1,live,both,enriched_ensemble,2026-07-25 08:05:02,2026-07-25 10:01:43,away avoids defeat profile
127,The Cove FC vs Adelaide Cobras,Australia South Australia State League 1,Australia,double_chance,Home or Away,68,0,1,live,both,enriched_ensemble,2026-07-25 07:36:10,2026-07-25 09:31:34,draw risk is low from model and database
126,NWS Spirit vs Western Sydney Wanderers Youth,Australia NSW NPL 1,Australia,double_chance,Away or Draw,68,0,4,live,both,enriched_ensemble,2026-07-25 07:36:05,2026-07-25 09:31:34,away avoids defeat profile; reduced for side-signal conflict
125,Inter Lions FC vs Prospect United,Australia NSW League One,Australia,live_total_goals,Over 0.5 live,58,1,1,live,both,enriched_ensemble,2026-07-25 07:12:27,2026-07-25 09:15:18,same live goal window maps to the current over line
124,Unsw FC vs Apia Leichhardt FC,"Australia NSW NPL, Women",Australia,live_total_goals,Over 0.5 live,57,1,1,live,both,enriched_ensemble,2026-07-25 07:10:33,2026-07-25 09:15:18,same live goal window maps to the current over line
123,Bankstown City FC vs Canterbury Bankstown FC,Australia NSW League One,Australia,live_total_goals,Over 0.5 live,60,2,1,live,both,enriched_ensemble,2026-07-25 07:10:21,2026-07-25 09:15:17,same live goal window maps to the current over line
122,Cumberland United Reserve vs Adelaide Blue Eagles Reserves,"Australia South Australia State League 1, Reserves",Australia,double_chance,Home or Away,68,4,0,live,both,enriched_ensemble,2026-07-25 07:04:38,2026-07-25 09:01:42,draw risk is low from model and database
121,Fencibles United FC vs Auckland City FC,New Zealand Chatham Cup,New Zealand,double_chance,Home or Away,68,3,2,live,both,enriched_ensemble,2026-07-25 06:54:11,2026-07-25 08:01:31,draw risk is low from model and database
120,Manningham United Blues vs Melbourne Knights,Australia Victoria Premier League 1,Australia,double_chance,Home or Away,68,1,5,live,both,enriched_ensemble,2026-07-25 06:46:33,2026-07-25 07:15:11,draw risk is low from model and database
116,Manningham United Blues vs Melbourne Knights,Australia Victoria Premier League 1,Australia,double_chance,Home or Away,68,1,5,prematch,both,enriched_ensemble,2026-07-24 21:32:43,2026-07-25 07:15:11,draw risk is low from model and database
115,Guatemala vs Costa Rica,International Youth U20 CONCACAF Championship,International Youth,double_chance,Home or Away,67,0,1,live,both,enriched_ensemble,2026-07-24 21:28:20,2026-07-24 22:01:24,draw risk is low from model and database
100,Neuchatel Xamax vs SC Kriens,Switzerland Challenge League,Switzerland,double_chance,Home or Away,68,3,2,prematch,both,enriched_ensemble,2026-07-24 16:02:48,2026-07-24 21:21:37,draw risk is low from model and database
111,Apr FC vs Gor Mahia FC,International Clubs CECAFA Kagame Cup,International Clubs,double_chance,Away or Draw,68,0,5,prematch,both,enriched_ensemble,2026-07-24 16:50:30,2026-07-24 21:21:34,away avoids defeat profile
104,Al Hilal SFC vs Mamelodi Sundowns,International Clubs Club Friendly Games,International Clubs,live_match_winner,Al Hilal SFC live winner lean,60,2,0,live,both,enriched_ensemble,2026-07-24 16:10:25,2026-07-24 21:21:29,"score is level but market, prematch model, and live pressure have a clear side"
98,FA Siauliai vs FC Hegelmann Kaunas,Lithuania TOPLYGA,Lithuania,double_chance,Away or Draw,68,0,2,prematch,both,enriched_ensemble,2026-07-24 14:05:50,2026-07-24 21:21:28,away avoids defeat profile
97,Tatran Vsechovice vs TJ Unie Hlubina,Czechia Czech Cup,Czechia,double_chance,Home or Away,68,5,3,prematch,both,enriched_ensemble,2026-07-24 14:05:45,2026-07-24 21:21:28,draw risk is low from model and database
93,FK Usti nad Labem vs SK Kladno,Czechia FNL,Czechia,double_chance,Home or Away,68,2,1,prematch,both,enriched_ensemble,2026-07-24 14:03:19,2026-07-24 21:21:26,draw risk is low from model and database
102,PPJ Helsinki vs Union Plaani,Finland Kakkonen,Finland,double_chance,Home or Away,68,0,1,live,both,enriched_ensemble,2026-07-24 16:04:09,2026-07-24 21:21:23,draw risk is low from model and database
92,FF Jaro vs Seinajoen JK,Finland Veikkausliiga,Finland,goals,Both teams to score,55,2,1,prematch,both,enriched_ensemble,2026-07-24 13:56:26,2026-07-24 21:21:22,both-side scoring probability is above market threshold
91,FC Uta Arad vs ASC Otelul Galati,Romania Superliga,Romania,double_chance,Away or Draw,68,2,2,prematch,both,enriched_ensemble,2026-07-24 13:50:50,2026-07-24 21:21:20,away avoids defeat profile
99,HJS vs Esbo Bollklubb,Finland Kakkonen,Finland,double_chance,Home or Away,68,5,3,live,both,enriched_ensemble,2026-07-24 15:31:42,2026-07-24 21:21:19,draw risk is low from model and database
94,North Leeward Predators vs SCSA Eagles,International Clubs CFU Club Shield,International Clubs,double_chance,Home or Away,68,3,1,live,both,enriched_ensemble,2026-07-24 14:04:17,2026-07-24 17:30:16,draw risk is low from model and database
90,Chertanovo Moscow vs FK Zenit St. Petersburg,"Russia MFL, Division A",Russia,double_chance,Away or Draw,67,0,3,prematch,both,enriched_ensemble,2026-07-24 13:46:16,2026-07-24 16:00:35,away avoids defeat profile
85,New Alipore Suruchi Sangha vs Aryans Sports,India Calcutta Premier Div.,India,double_chance,Away or Draw,68,0,4,live,both,enriched_ensemble,2026-07-24 10:23:14,2026-07-24 13:42:29,away avoids defeat profile
84,Heidelberg United FC vs Caroline Springs George Cross FC,"Australia Victoria, NPL",Australia,double_chance,Away or Draw,68,0,0,live,both,enriched_ensemble,2026-07-24 10:21:19,2026-07-24 13:42:28,away avoids defeat profile; reduced for side-signal conflict
39,Independiente Petrolero vs Real Potosi,Bolivia Division Profesional,Bolivia,double_chance,Home or Away,64,1,2,prematch,both,enriched_ensemble,2026-07-21 01:25:14,2026-07-22 06:43:22,draw risk is low from model and database
32,Vila Nova FC GO vs Fortaleza EC CE,Brazil Brasileiro Serie B,Brazil,double_chance,Home or Draw,60,2,1,prematch,both,enriched_ensemble,2026-07-21 01:24:58,2026-07-22 06:43:20,home avoids defeat profile
31,Gremio Novorizontino SP vs Criciuma EC SC,Brazil Brasileiro Serie B,Brazil,double_chance,Away or Draw,62,0,1,prematch,both,enriched_ensemble,2026-07-21 01:24:57,2026-07-22 06:43:20,away avoids defeat profile
30,Avai FC SC vs America FC MG,Brazil Brasileiro Serie B,Brazil,double_chance,Home or Draw,62,2,1,prematch,both,enriched_ensemble,2026-07-21 01:24:57,2026-07-22 06:43:20,home avoids defeat profile
12,Atletico Mineiro MG vs EC Bahia BA,Brazil Brasileiro Serie A,Brazil,goals,Both teams to score,55,1,1,prematch,both,enriched_ensemble,2026-07-21 00:48:45,2026-07-22 06:43:20,both-side scoring probability is above market threshold
8,Larne FC vs Crvena Zvezda,International Clubs UEFA Champions League,International Clubs,double_chance,Away or Draw,63,0,4,prematch,both,enriched_ensemble,2026-07-21 00:47:00,2026-07-21 21:07:40,away avoids defeat profile
67,Olympique Dcheira vs Union Sportif Amal Tiznit,Morocco Botola Pro D1,Morocco,double_chance,Away or Draw,68,1,1,prematch,both,enriched_ensemble,2026-07-21 10:05:04,2026-07-21 20:28:29,away avoids defeat profile
29,Atert Bissen vs WKW ETO FC Gyor,International Clubs UEFA Conference League,International Clubs,double_chance,Home or Away,62,2,6,prematch,both,enriched_ensemble,2026-07-21 01:24:56,2026-07-21 20:28:29,draw risk is low from model and database
6,Fenerbahce Istanbul vs Gornik Zabrze,International Clubs UEFA Champions League,International Clubs,double_chance,Home or Draw,63,1,0,prematch,both,enriched_ensemble,2026-07-21 00:45:42,2026-07-21 19:59:16,home avoids defeat profile
28,Floriana FC vs FC Drita,International Clubs UEFA Conference League,International Clubs,double_chance,Away or Draw,61,1,1,prematch,both,enriched_ensemble,2026-07-21 01:24:55,2026-07-21 19:44:46,away avoids defeat profile
64,Hegelmann Litauen B vs Vilnius FK Zalgiris B,Lithuania 1 Lyga,Lithuania,double_chance,Away or Draw,68,0,2,prematch,both,enriched_ensemble,2026-07-21 09:22:51,2026-07-21 18:00:09,away avoids defeat profile
4,Sabah Masazir vs Kuopion Palloseura,International Clubs UEFA Champions League,International Clubs,match_result,Home Win,63,1,0,prematch,both,enriched_ensemble,2026-07-21 00:45:14,2026-07-21 17:59:54,ensemble home-win probability clears draw and away by threshold
2,FC Ararat-Armenia vs Shamrock Rovers,International Clubs UEFA Champions League,International Clubs,double_chance,Home or Draw,63,2,0,prematch,both,enriched_ensemble,2026-07-21 00:45:12,2026-07-21 17:59:54,home avoids defeat profile
60,PFC Sogdiana vs FK Neftchi Fargona,Uzbekistan Superliga,Uzbekistan,double_chance,Away or Draw,68,1,5,prematch,both,enriched_ensemble,2026-07-21 01:59:03,2026-07-21 17:07:43,away avoids defeat profile
24,Herentals FC vs Manica Diamonds FC,Zimbabwe Premier Soccer League,Zimbabwe,goals,Under 2.5 goals,65,1,0,prematch,both,enriched_ensemble,2026-07-21 01:07:35,2026-07-21 15:01:40,goal model and finished database lean under
23,Yunnan Yukun vs Chengdu Rongcheng,China FA Cup,China,double_chance,Home or Away,60,6,5,prematch,both,enriched_ensemble,2026-07-21 01:07:35,2026-07-21 14:44:45,draw risk is low from model and database
21,Wuhan Three Towns FC vs Shandong Taishan FC,China FA Cup,China,match_result,Away Win,61,5,6,prematch,both,enriched_ensemble,2026-07-21 01:03:38,2026-07-21 14:28:16,ensemble away-win probability clears draw and home by threshold
20,Chongqing Tonglianglong FC vs Qingdao West Coast FC,China FA Cup,China,goals,Under 3.5 goals,61,2,0,prematch,both,enriched_ensemble,2026-07-21 01:03:37,2026-07-21 13:44:45,under 3.5 only passes with reduced confidence because goal environment is mixed
18,Ulsan HD FC vs Incheon United FC,Republic of Korea K-League 1,Republic of Korea,double_chance,Away or Draw,65,1,2,prematch,both,enriched_ensemble,2026-07-21 01:01:51,2026-07-21 12:44:46,away avoids defeat profile; reduced for side-signal conflict
65,Cumberland United vs Heidelberg United FC,Australia Cup,Australia,double_chance,Away or Draw,68,0,3,prematch,both,enriched_ensemble,2026-07-21 09:50:28,2026-07-21 12:07:41,away avoids defeat profile
17,Railway FC vs George Telegraph FC,India Calcutta Premier Div.,India,match_result,Away Win,68,0,1,prematch,both,enriched_ensemble,2026-07-21 00:51:45,2026-07-21 11:44:46,ensemble away-win probability clears draw and home by threshold
13,Canberra Juventus FC vs Canberra Croatia FC,Australia U23 Capital NPL,Australia,double_chance,Home or Away,60,2,1,prematch,both,enriched_ensemble,2026-07-21 00:49:10,2026-07-21 09:44:42,draw risk is low from model and database
10,Sao Gabriel MS vs Aquidauanense FC MS,"Brazil Sul-Mato-Grossense, Series B",Brazil,double_chance,Away or Draw,67,1,2,live,both,enriched_ensemble,2026-07-21 00:47:55,2026-07-21 01:33:04,away avoids defeat profile
